Oday Aboushi,0
David Amerson,1
Thurston Armbrister,2
Budda Baker,3
Joe Barksdale,4
Bene' Benwikere,5
Antoine Bethea,6
Tre Boston,7
Sam Bradford,8
Aaron Brewer,9
Deone Bucannon,10
Josh Bynes,11
Blaine Clausell,12
Mason Cole,13
Derrick Coleman,14
Pharoh Cooper,15
Korey Cunningham,16
Darrell Daniels,17
Phil Dawson,18
Vontarrius Dora,19
Malachi Dupre,20
Chase Edmonds,21
Larry Fitzgerald,22
Rudy Ford,23
Dennis Gardeck,24
Mike Glennon,25
Markus Golden,26
Zack Golditch,27
Zane Gonzalez,28
Colby Gossett,29
Jermaine Gresham,30
Rodney Gunter,31
Gerald Hodges,32
Will Holden,33
Gabe Holmes,34
D. J. Humphries,35
Mike Iupati,36
David Johnson,37
Leonard Johnson,38
Chandler Jones,39
Chris Jones,40
Christian Kirk,41
Andy Lee,42
T. J. Logan,43
Cameron Malveaux,44
Benson Mayowa,45
Matt McCrane,46
Zach Moore,47
Daniel Munyer,48
J. J. Nelson,49
Deatrick Nichols,50
Robert Nkemdiche,51
Ifeadi Odenigbo,52
Rees Odhiambo,53
Corey Peters,54
Patrick Peterson,55
John Phillips,56
Olsen Pierre,57
Eddie Pleasant,58
Justin Pugh,59
Haason Reddick,60
Josh Rosen,61
Ricky Seals-Jones,62
Trent Sherfield,63
Andre Smith,64
Garrison Smith,65
Jacquies Smith,66
Pasoni Tasini,67
Jamar Taylor,68
Jalen Tolliver,69
Ezekiel Turner,70
Vincent Valentine,71
Jeremy Vujnovich,72
Joe Walker,73
John Wetzel,74
Brandon Williams,75
Chad Williams,76
Robert Alford,77
Ricardo Allen,78
Zane Beadles,79
Vic Beasley,80
Michael Bennett,81
Justin Bethel,82
Matt Bosher,83
Matt Bryant,84
Deante Burton,85
De'Vondre Campbell,86
Bruce Carter,87
Tevin Coleman,88
Jon Condo,89
Jack Crawford,90
Devonta Freeman,91
Brandon Fusco,92
Russell Gage,93
Ben Garland,94
Marvin Hall,95
Justin Hardy,96
Josh Harris,97
Brian Hill,98
Austin Hooper,99
Bruce Irvin,100
Kemal Ishmael,101
Grady Jarrett,102
Richard Jarvis,103
Deion Jones,104
Julio Jones,105
Damontae Kazee,106
Jeremy Langford,107
Andy Levitre,108
Alex Mack,109
Jake Matthews,110
Terrell McClain,111
Takkarist McKinley,112
Steven Means,113
Keanu Neal,114
Ryan Neal,115
Sharrod Neasman,116
Corey Nelson,117
Isaiah Oliver,118
Foye Oluokun,119
Ricky Ortiz,120
Jeff Overbaugh,121
Logan Paulsen,122
Brian Poole,123
Brooks Reed,124
Jordan Richards,125
Calvin Ridley,126
Duke Riley,127
Matt Ryan,128
Ty Sambrailo,129
Mohamed Sanu,130
Eric Saubert,131
Matt Schaub,132
Ryan Schraeder,133
Was Schweitzer,134
Deadrin Senat,135
Derrick Shelby,136
Ito Smith,137
Keith Tandy,138
Giorgio Tavecchio,139
Desmond Trufant,140
Blidi Wreh-Wilson,141
Justin Zimmer,142
