Oday Aboushi,NULL
David Amerson,NULL
Thurston Armbrister,NULL
Budda Baker,NULL
Joe Barksdale,NULL
Bene' Benwikere,NULL
Antoine Bethea,NULL
Tre Boston,NULL
Sam Bradford,NULL
Aaron Brewer,NULL
Deone Bucannon,NULL
Josh Bynes,NULL
Blaine Clausell,NULL
Mason Cole,NULL
Derrick Coleman,NULL
Pharoh Cooper,NULL
Korey Cunningham,NULL
Darrell Daniels,NULL
Phil Dawson,NULL
Vontarrius Dora,NULL
Malachi Dupre,NULL
Chase Edmonds,NULL
Larry Fitzgerald,NULL
Rudy Ford,NULL
Dennis Gardeck,NULL
Mike Glennon,NULL
Markus Golden,NULL
Zack Golditch,NULL
Zane Gonzalez,NULL
Colby Gossett,NULL
Jermaine Gresham,NULL
Rodney Gunter,NULL
Gerald Hodges,NULL
Will Holden,NULL
Gabe Holmes,NULL
D. J. Humphries,NULL
Mike Iupati,NULL
David Johnson,NULL
Leonard Johnson,NULL
Chandler Jones,NULL
Chris Jones,NULL
Christian Kirk,NULL
Andy Lee,NULL
T. J. Logan,NULL
Cameron Malveaux,NULL
Benson Mayowa,NULL
Matt McCrane,NULL
Zach Moore,NULL
Daniel Munyer,NULL
J. J. Nelson,NULL
Deatrick Nichols,NULL
Robert Nkemdiche,NULL
Ifeadi Odenigbo,NULL
Rees Odhiambo,NULL
Corey Peters,NULL
Patrick Peterson,NULL
John Phillips,NULL
Olsen Pierre,NULL
Eddie Pleasant,NULL
Justin Pugh,NULL
Haason Reddick,NULL
Josh Rosen,NULL
Ricky Seals-Jones,NULL
Trent Sherfield,NULL
Andre Smith,NULL
Garrison Smith,NULL
Jacquies Smith,NULL
Pasoni Tasini,NULL
Jamar Taylor,NULL
Jalen Tolliver,NULL
Ezekiel Turner,NULL
Vincent Valentine,NULL
Jeremy Vujnovich,NULL
Joe Walker,NULL
John Wetzel,NULL
Brandon Williams,NULL
Chad Williams,NULL
Robert Alford,NULL
Ricardo Allen,NULL
Zane Beadles,NULL
Vic Beasley,NULL
Michael Bennett,NULL
Justin Bethel,NULL
Matt Bosher,NULL
Matt Bryant,NULL
Deante Burton,NULL
De'Vondre Campbell,NULL
Bruce Carter,NULL
Tevin Coleman,NULL
Jon Condo,NULL
Jack Crawford,NULL
Devonta Freeman,NULL
Brandon Fusco,NULL
Russell Gage,NULL
Ben Garland,NULL
Marvin Hall,NULL
Justin Hardy,NULL
Josh Harris,NULL
Brian Hill,NULL
Austin Hooper,NULL
Bruce Irvin,NULL
Kemal Ishmael,NULL
Grady Jarrett,NULL
Richard Jarvis,NULL
Deion Jones,NULL
Julio Jones,NULL
Damontae Kazee,NULL
Jeremy Langford,NULL
Andy Levitre,NULL
Alex Mack,NULL
Jake Matthews,NULL
Terrell McClain,NULL
Takkarist McKinley,NULL
Steven Means,NULL
Keanu Neal,NULL
Ryan Neal,NULL
Sharrod Neasman,NULL
Corey Nelson,NULL
Isaiah Oliver,NULL
Foye Oluokun,NULL
Ricky Ortiz,NULL
Jeff Overbaugh,NULL
Logan Paulsen,NULL
Brian Poole,NULL
Brooks Reed,NULL
Jordan Richards,NULL
Calvin Ridley,NULL
Duke Riley,NULL
Matt Ryan,NULL
Ty Sambrailo,NULL
Mohamed Sanu,NULL
Eric Saubert,NULL
Matt Schaub,NULL
Ryan Schraeder,NULL
Was Schweitzer,NULL
Deadrin Senat,NULL
Derrick Shelby,NULL
Ito Smith,NULL
Keith Tandy,NULL
Giorgio Tavecchio,NULL
Desmond Trufant,NULL
Blidi Wreh-Wilson,NULL
Justin Zimmer,NULL
Javorius Allen,NULL
Mark Andrews,NULL
Anthony Averett,NULL
Chris Board,NULL
Tyus Bowser,NULL
Nick Boyle,NULL
Bradley Bozeman,NULL
John Brown,NULL
Orlando Brown,NULL
Maurice Canady,NULL
Brandon Carr,NULL
Chuck Clark,NULL
Alex Collins,NULL
Morgan Cox,NULL
Michael Crabtree,NULL
Robertson Daniel,NULL
Kenneth Dixon,NULL
Gus Edwards,NULL
Jermaine Eluemunor,NULL
Joe Flacco,NULL
Janarion Grant,NULL
Hroniss Grasu,NULL
Robert Griffin,NULL
Willie Henry,NULL
Marlon Humphrey,NULL
Hayden Hurst,NULL
James Hurst,NULL
Lamar Jackson,NULL
Tony Jefferson,NULL
Cyrus Jones,NULL
Matt Judon,NULL
Sam Koch,NULL
Anthony Levine,NULL
Alex Lewis,NULL
Albert McClellan,NULL
Ty Montgomery,NULL
Chris Moore,NULL
C. J. Mosley,NULL
Patrick Onwuasor,NULL
Michael Pierce,NULL
Patrick Ricard,NULL
Zach Sieler,NULL
Matt Skura,NULL
Jimmy Smith,NULL
Za'Darius Smith,NULL
Willie Snead,NULL
Ronnie Stanley,NULL
Terrell Suggs,NULL
Justin Tucker,NULL
De'Lance Turner,NULL
Brent Urban,NULL
Eric Weddle,NULL
Tim White,NULL
Darious Williams,NULL
Maxx Williams,NULL
Tim Williams,NULL
Chris Wormley,NULL
Marshal Yanda,NULL
Kenny Young,NULL
Tavon Young,NULL
Lorenzo Alexander,NULL
Josh Allen,NULL
Derek Anderson,NULL
Matt Barkley,NULL
Kelvin Benjamin,NULL
Russell Bodine,NULL
Ike Boettger,NULL
Corey Bojorquez,NULL
Victor Bolden,NULL
Rafael Bush,NULL
Charles Clay,NULL
Jason Croom,NULL
Matt Darr,NULL
Vontae Davis,NULL
Dion Dawkins,NULL
Patrick DiMarco,NULL
Vladimir Ducasse,NULL
Tremaine Edmunds,NULL
Reid Ferguson,NULL
Keith Ford,NULL
Robert Foster,NULL
Phillip Gaines,NULL
Ryan Groy,NULL
Steven Hauschka,NULL
Andre Holmes,NULL
Jerry Hughes,NULL
Ramon Humber,NULL
Micah Hyde,NULL
Chris Ivory,NULL
Dontae Johnson,NULL
Taron Johnson,NULL
Taiwan Jones,NULL
Zay Jones,NULL
Jeremy Kerley,NULL
Deon Lacey,NULL
Shaq Lawson,NULL
Khari Lee,NULL
Ryan Lewis,NULL
Star Lotulelei,NULL
Mike Love,NULL
Dean Marlowe,NULL
Ray-Ray McCloud,NULL
LeSean McCoy,NULL
Conor McDermott,NULL
Isaiah McKenzie,NULL
Matt Milano,NULL
John Miller,NULL
Jordan Mills,NULL
Marcus Murphy,NULL
Trent Murphy,NULL
Siran Neal,NULL
Marshall Newhouse,NULL
Nate Orchard,NULL
Nathan Peterman,NULL
Cam Phillips,NULL
Harrison Phillips,NULL
Jordan Phillips,NULL
Lafayette Pitts,NULL
Jordan Poyer,NULL
Terrelle Pryor,NULL
Denzel Rice,NULL
Colton Schmidt,NULL
Da'Mari Scott,NULL
Jeremiah Sirles,NULL
Julian Stanford,NULL
Wyatt Teller,NULL
Logan Thomas,NULL
Robert Thomas,NULL
Corey Thompson,NULL
Deonte Thompson,NULL
Levi Wallace,NULL
Adolphus Washington,NULL
Tre'Davious White,NULL
Kyle Williams,NULL
Eddie Yarbrough,NULL
Mike Adams,NULL
Mario Addison,NULL
Kyle Allen,NULL
C. J. Anderson,NULL
Alex Armah,NULL
Cameron Artis-Payne,NULL
Kenjon Barner,NULL
James Bradberry,NULL
Vernon Butler,NULL
Damiere Byrd,NULL
Travaris Cadet,NULL
Jermaine Carter,NULL
Chandler Catanzaro,NULL
Chris Clark,NULL
Bryan Cox,NULL
Thomas Davis,NULL
Lorenzo Doss,NULL
Corn Elder,NULL
Mose Frazier,NULL
Devin Funchess,NULL
Graham Gano,NULL
Rashaan Gaulden,NULL
Garrett Gilbert,NULL
Josh Hawkins,NULL
Marquis Haynes,NULL
Taylor Hearn,NULL
Taylor Heinicke,NULL
Wes Horton,NULL
Donte Jackson,NULL
Ben Jacobs,NULL
J. J. Jansen,NULL
Colin Jones,NULL
Ryan Kalil,NULL
Luke Kuechly,NULL
Tyler Larsen,NULL
Kyle Love,NULL
Brendan Mahon,NULL
Chris Manhertz,NULL
David Mayo,NULL
Christian McCaffrey,NULL
D. J. Moore,NULL
Taylor Moton,NULL
Captain Munnerlyn,NULL
Cam Newton,NULL
Jared Norris,NULL
Efe Obada,NULL
Greg Olsen,NULL
Michael Palardy,NULL
Julius Peppers,NULL
Dontari Poe,NULL
Eric Reid,NULL
Corey Robinson,NULL
Curtis Samuel,NULL
Da'Norris Searcy,NULL
Kawann Short,NULL
Amini Silatolu,NULL
Torrey Smith,NULL
Ian Thomas,NULL
Shaq Thompson (Green-Thompson),NULL
Trai Turner,NULL
Greg Van Roten,NULL
Daryl Williams,NULL
Jarius Wright,NULL
Sam  Acho,NULL
Adrian Amos,NULL
Prince Amukamara,NULL
Josh Bellamy,NULL
Ben Braunecker,NULL
Daniel Brown,NULL
Jonathan Bullard,NULL
Michael Burton,NULL
Trey Burton,NULL
Deon Bush,NULL
Bryce Callahan,NULL
Tarik Cohen,NULL
Marcus Cooper,NULL
Benny Cunningham,NULL
Chase Daniel,NULL
James Daniels,NULL
Kylie Fitts,NULL
Leonard Floyd,NULL
Kyle Fuller,NULL
Taylor Gabriel,NULL
Eddie Goldman,NULL
Akiem Hicks,NULL
DeAndre Houston-Carson,NULL
Jordan Howard,NULL
Isaiah Irving,NULL
Joel Iyiegbuniwe,NULL
Eddie Jackson,NULL
Eric Kush,NULL
Nick Kwiatkoski,NULL
Charles Leno,NULL
Kyle Long,NULL
Aaron Lynch,NULL
Khalil Mack,NULL
Bobby Massie,NULL
Sherrick McManis,NULL
Anthony Miller,NULL
Taquan Mizzell,NULL
Bilal Nichols,NULL
Pat O'Donnell,NULL
Cody Parkey,NULL
Roy Robertson-Harris,NULL
Allen Robinson,NULL
Patrick Scales,NULL
Adam Shaheen,NULL
Dion Sims,NULL
Roquan Smith,NULL
Bradley Sowell,NULL
Kevin Toliver,NULL
Danny Trevathan,NULL
Mitchell Trubisky,NULL
Kevin White,NULL
Cody Whitehair,NULL
Marcus Williams,NULL
Nick Williams,NULL
Javon Wims,NULL
Bryan Witzmann,NULL
Geno Atkins,NULL
Jessie Bates,NULL
Brandon Bell,NULL
Giovani Bernard,NULL
Andrew Billings,NULL
Clint Boling,NULL
Tyler Boyd,NULL
Preston Brown,NULL
Randy Bullock,NULL
Vontaze Burfict,NULL
Tra Carson,NULL
Cody Core,NULL
Andy Dalton,NULL
Darqueze Dennard,NULL
Jeff Driskel,NULL
Carlos Dunlap,NULL
Kasim Edebali,NULL
Tyler Eifert,NULL
Alex Erickson,NULL
Jordan Evans,NULL
Clayton Fejedelem,NULL
Jake Fisher,NULL
Jordan Franks,NULL
Ryan Glasgow,NULL
Cordy Glenn,NULL
A. J. Green,NULL
Clark Harris,NULL
Davontae Harris,NULL
Bobby Hart,NULL
Trey Hopkins,NULL
Sam Hubbard,NULL
Kevin Huber,NULL
William Jackson,NULL
Malik Jefferson,NULL
Michael Johnson,NULL
Dre Kirkpatrick,NULL
Tyler Kroft,NULL
Carl Lawson,NULL
Matt Lengel,NULL
Josh Malone,NULL
Tony McRae,NULL
Joe Mixon,NULL
Hardy Nickerson,NULL
Cedric Ogbuehi,NULL
Darius Phillips,NULL
Billy Price,NULL
Thomas Rawls,NULL
Alex Redmond,NULL
Vincent Rey,NULL
Christian Ringo,NULL
John Ross,NULL
KeiVarae Russell,NULL
Mason Schreck,NULL
Niles Scott,NULL
Auden Tate,NULL
Josh Tupou,NULL
C. J. Uzomah,NULL
Nick Vigil,NULL
Mark Walton,NULL
Christian Westerman,NULL
Shawn Williams,NULL
Jordan Willis,NULL
Brandon Wilson,NULL
Chris Worley,NULL
Ray-Ray Armstrong,NULL
Genard Avery,NULL
Joel Bitonio,NULL
Briean Boddy-Calhoun,NULL
James Burgess,NULL
Juston Burris,NULL
Antonio Callaway,NULL
T. J. Carrie,NULL
Orson Charles,NULL
Nick Chubb,NULL
Trevon Coley,NULL
Jamie Collins,NULL
Britton Colquitt,NULL
Austin Corbett,NULL
Carl Davis,NULL
Seth Devalve,NULL
Darren Fells,NULL
E. J. Gaines,NULL
Myles Garrett,NULL
Josh Gordon,NULL
Desmond Harrison,NULL
Rachard Higgins,NULL
Dontrell Hilliard,NULL
D'Juan Hines,NULL
Chris Hubbard,NULL
Charley Hughlett,NULL
Carlos Hyde,NULL
Duke Johnson,NULL
Greg Joseph,NULL
Kyle Kalis,NULL
Derrick Kindred,NULL
Christian Kirksey,NULL
Jarvis Landry,NULL
Devaroe Lawrence,NULL
Baker Mayfield,NULL
Jeremiah McKinnon,NULL
Terrance Mitchell,NULL
David Njoku,NULL
Emmanuel Ogbah,NULL
Larry Ogunjobi,NULL
Jabrill Peppers,NULL
Breshad Perriman,NULL
Brian Price,NULL
Damarious Randall,NULL
Damion Ratley,NULL
Greg Robinson,NULL
Joe Schobert,NULL
Chris Smith,NULL
Rod Streater,NULL
Tyrod Taylor,NULL
Chad Thomas,NULL
Tavierre Thomas,NULL
J. C. Tretter,NULL
Tanner Vallejo,NULL
Denzel Ward,NULL
Earl Watford,NULL
Jermaine Whitehead,NULL
Derrick Willies,NULL
Xavier Woodson-Luster,NULL
Kevin Zeitler,NULL
Anthony Zettel,NULL
Dorance Armstrong,NULL
Tavon Austin,NULL
Chidobe Awuzie,NULL
Cole Beasley,NULL
Anthony Brown,NULL
Noah Brown,NULL
Brice Butler,NULL
Ibraheim Campbell,NULL
Taco Charlton,NULL
La'el Collins,NULL
Maliek Collins,NULL
Amari Cooper,NULL
Chris Covington,NULL
Tyrone Crawford,NULL
Treston Decoud,NULL
Ezekiel Elliott,NULL
Cameron Fleming,NULL
Kavon Frazier,NULL
Michael Gallup,NULL
Rico Gathers,NULL
C. J. Goodwin,NULL
Randy Gregory,NULL
Jeff Heath,NULL
Allen Hurns,NULL
David Irving,NULL
Darius Jackson,NULL
Blake Jarwin,NULL
Byron Jones,NULL
Datone Jones,NULL
L. P. LaDouceur,NULL
Demarcus Lawrence,NULL
Sean Lee,NULL
Lance Lenoir,NULL
Jourdan Lewis,NULL
Joe Looney,NULL
Brett Maher,NULL
Justin March-Lillard,NULL
Zack Martin,NULL
Jamize Olawale,NULL
Dak Prescott,NULL
Adam Redmond,NULL
Caraun Reid,NULL
Daniel Ross,NULL
Cooper Rush,NULL
Dalton Schultz,NULL
Jaylon Smith,NULL
Rod Smith,NULL
Tyron Smith,NULL
Xavier Su'a-Filo,NULL
Geoff Swaim,NULL
Joe Thomas,NULL
Darian Thompson,NULL
Leighton Vander Esch,NULL
Connor Williams,NULL
Terrence Williams,NULL
Damien Wilson,NULL
Antwaun Woods,NULL
Xavier Woods,NULL
Shaquil Barrett,NULL
Keishawn Bierria,NULL
Garett Bolles,NULL
Devontae Booker,NULL
Tramaine Brock,NULL
Jake Butt,NULL
Bradley Chubb,NULL
River Cracraft,NULL
Su'a Cravens,NULL
Todd Davis,NULL
Royce Freeman,NULL
Max Garcia,NULL
Adam Gotsis,NULL
Gino Gradkowski,NULL
DaeSean Hamilton,NULL
Chris Harris,NULL
Shelby Harris,NULL
Temarrick Hemingway,NULL
Jeff Heuerman,NULL
Jeff Holland,NULL
Andy Janovich,NULL
Josey Jewell,NULL
A. J. Johnson,NULL
Adam Jones,NULL
Joe Jones,NULL
Sam Jones,NULL
Case Keenum,NULL
Chad Kelly,NULL
Zach Kerr,NULL
Marquette King,NULL
Cyrus Kouandjio,NULL
Casey Kreiter,NULL
Matt LaCosse,NULL
Brendan Langley,NULL
Ronald Leary,NULL
Phillip Lindsay,NULL
Brandon Marshall,NULL
Trey Marshall,NULL
Connor McGovern,NULL
Brandon McManus,NULL
Von Miller,NULL
Matt Paradis,NULL
Brian Parker,NULL
Will Parks,NULL
Tim Patrick,NULL
Domata Peko,NULL
Shane Ray,NULL
Bradley Roby,NULL
Emmanuel Sanders,NULL
Justin Simmons,NULL
Darian Stewart,NULL
Courtland Sutton,NULL
Demaryius Thomas,NULL
Dymonte Thomas,NULL
Shamarko Thomas,NULL
Billy Turner,NULL
Jared Veldheer,NULL
Colby Wadman,NULL
DeMarcus Walker,NULL
Elijah Wilkinson,NULL
Derek Wolfe,NULL
Isaac Yiadom,NULL
Ameer Abdullah,NULL
Jamal Agnew,NULL
Ezekiel Ansah,NULL
John Atkins,NULL
Trevor Bates,NULL
Nick Bellore,NULL
LeGarrette Blount,NULL
Don Carey,NULL
Matt Cassel,NULL
Tyrell Crosby,NULL
Jerome Cunningham,NULL
Joe Dahl,NULL
Jarrad Davis,NULL
Taylor Decker,NULL
Quandre Diggs,NULL
Andrew Donnal,NULL
Bruce Ellington,NULL
Marquis Flowers,NULL
Mike Ford,NULL
Graham Glasgow,NULL
Kenny Golladay,NULL
Nicholas Grigsby,NULL
Da'Shawn Hand,NULL
Eli Harold,NULL
Damon Harrison,NULL
Kerry Hyder,NULL
Ricky Jean Francois,NULL
Kerryon Johnson,NULL
Andy Jones,NULL
Christian Jones,NULL
Marvin Jones,NULL
T. J. Jones,NULL
Devon Kennard,NULL
Miles Killebrew,NULL
Chris Lacy,NULL
T. J. Lang,NULL
Nevin Lawson,NULL
Cre'von LeBlanc,NULL
Eric Lee,NULL
Bradley Marquez,NULL
Sam Martin,NULL
Don Muhlbach,NULL
Romeo Okwara,NULL
Lenzy Pipkins,NULL
Brandon Powell,NULL
Matt Prater,NULL
Glover Quin,NULL
Frank Ragnow,NULL
Jalen Reeves-Maybin,NULL
Theo Riddick,NULL
Michael Roberts,NULL
A'Shawn Robinson,NULL
DeShawn Shead,NULL
Kelvin Sheppard,NULL
Darius Slay,NULL
Matthew Stafford,NULL
Teez Tabor,NULL
Golden Tate,NULL
Levine Toilolo,NULL
Hakeem Valles,NULL
Dee Virgin,NULL
Ricky Wagner,NULL
Tracy Walker,NULL
Charles Washington,NULL
Kenny Wiggins,NULL
Sylvester Williams,NULL
Luke Willson,NULL
Tavon Wilson,NULL
Zach Zenner,NULL
Davante Adams,NULL
Montravius Adams,NULL
Jaire Alexander,NULL
Geronimo Allison,NULL
David Bakhtiari,NULL
Byron Bell,NULL
Kapri Bibbs,NULL
Hunter Bradley,NULL
Bashaud Breeland,NULL
Kentrell Brice,NULL
Fadol Brown,NULL
Tony Brown,NULL
Bryan Bulaga,NULL
Oren Burks,NULL
Kenny Clark,NULL
Ha Ha Clinton-Dix,NULL
Randall Cobb,NULL
Lavon Coleman,NULL
James Crawford,NULL
Mason Crosby,NULL
Mike Daniels,NULL
Trevor Davis,NULL
Kyler Fackrell,NULL
Reggie Gilbert,NULL
Jimmy Graham,NULL
Raven Greene,NULL
Davon House,NULL
Josh Jackson,NULL
Natrell Jamerson,NULL
Aaron Jones,NULL
Josh Jones,NULL
Lance Kendricks,NULL
Kevin King,NULL
DeShone Kizer,NULL
Jake Kumerow,NULL
Tyler Lancaster,NULL
Allen Lazard,NULL
Marcedes Lewis,NULL
Alex Light,NULL
Corey Linsley,NULL
James Looney,NULL
Dean Lowry,NULL
Blake Martinez,NULL
Clay Matthews,NULL
Justin McCray,NULL
J'Mon Moore,NULL
Antonio Morrison,NULL
Adam Pankey,NULL
Lucas Patrick,NULL
Nick Perry,NULL
Will Redmond,NULL
Aaron Rodgers,NULL
J. K.  Scott,NULL
Jason Spriggs,NULL
Equanimeous St. Brown,NULL
Lane Taylor,NULL
Robert Tonyan,NULL
Korey Toomer,NULL
Marquez Valdes-Scantling,NULL
Dan Vitale,NULL
Muhammad Wilkerson,NULL
Jamaal Williams,NULL
Tramon Williams,NULL
Tyrell Adams,NULL
Jordan Akins,NULL
Johnson Bademosi,NULL
Angelo Blackson,NULL
Alfred Blue,NULL
DeAndre Carter,NULL
Jadeveon Clowney,NULL
Sammie Coates,NULL
Dylan Cole,NULL
Aaron Colvin,NULL
Keke Coutee,NULL
Christian Covington,NULL
Zack Cunningham,NULL
Travor Daniel,NULL
Julie'n Davenport,NULL
Brandon Dunn,NULL
Duke Ejiofor,NULL
Tyler Ervin,NULL
Ka'imi Fairbairn,NULL
D'Onta Foreman,NULL
Will Fuller,NULL
Zach Fulton,NULL
Ryan Griffin,NULL
Andre Hal,NULL
Joel Heath,NULL
Seantrel Henderson,NULL
DeAndre Hopkins,NULL
Buddy Howell,NULL
Kareem Jackson,NULL
Kevin Johnson,NULL
Roderick Johnson,NULL
Johnathan Joseph,NULL
Peter Kalambayi,NULL
Senio Kelemete,NULL
Josh Keyes,NULL
Kendall Lamm,NULL
Greg Mancz,NULL
Nick Martin,NULL
Tyrann Mathieu,NULL
Benardrick McKinney,NULL
Whitney Mercilus,NULL
Lamar Miller,NULL
Steven Mitchell,NULL
A. J. Moore,NULL
Brian Peters,NULL
Martinas Rankin,NULL
D. J. Reader,NULL
Justin Reid,NULL
Brennan Scarlett,NULL
David Sharpe,NULL
Vyncint Smith,NULL
Jordan Thomas,NULL
Michael Tyson,NULL
Carlos Watkins,NULL
Deshaun Watson,NULL
J. J. Watt,NULL
Joe Webb,NULL
Kayvon Webster,NULL
Brandon Weeden,NULL
Jon Weeks,NULL
Shareece Wright,NULL
Matthew Adams,NULL
Mo Alie-Cox,NULL
Josh Andrews,NULL
Denico Autry,NULL
Tarell Basham,NULL
Evan Boehm,NULL
Jacoby Brissett,NULL
Anthony Castonzo,NULL
Le'Raven Clark,NULL
Pierre Desir,NULL
Jack Doyle,NULL
Eric Ebron,NULL
Matthias Farley,NULL
Daurice Fountain,NULL
Zaire Franklin,NULL
Clayton Geathers,NULL
Mark Glowinski,NULL
Denzelle Good,NULL
Najee Goode,NULL
Ryan Grant,NULL
Joe Haeg,NULL
Nate Hairston,NULL
Ryan Hewitt,NULL
T. Y. Hilton,NULL
Nyheim Hines,NULL
Malik Hooker,NULL
Margus Hunt,NULL
Dontrelle Inman,NULL
Marcus Johnson,NULL
Ryan Kelly,NULL
Darius Leonard,NULL
Tyquan Lewis,NULL
Andrew Luck,NULL
Marlon Mack,NULL
Arthur Maulet,NULL
Jeremy McNichols,NULL
Christine Michael,NULL
Chris Milton,NULL
Mike Mitchell,NULL
Corey Moore,NULL
Kenny Moore,NULL
Skai Moore,NULL
Al-Quadin Muhammad,NULL
Quenton Nelson,NULL
George Odum,NULL
Zach Pascal,NULL
Carroll Phillips,NULL
Luke Rhodes,NULL
Hassan Ridgeway,NULL
Chester Rogers,NULL
Rigoberto Sanchez,NULL
Jabaal Sheard,NULL
Matt Slauson,NULL
Braden Smith,NULL
Grover Stewart,NULL
Erik Swoope,NULL
Ahmad Thomas,NULL
Kemoko Turay,NULL
Robert Turbin,NULL
Adam Vinatieri,NULL
Anthony Walker,NULL
Jihad Ward,NULL
J'Marcus Webb,NULL
J. J. Wilcox,NULL
Jordan Wilkins,NULL
Quincy Wilson,NULL
Al Woods,NULL
Eli Ankou,NULL
Blake Bell,NULL
Tommy Bohanon,NULL
Breon Borders,NULL
Blake Bortles,NULL
A. J. Bouye,NULL
Blair Brown,NULL
Taven Bryan,NULL
Calais Campbell,NULL
A. J. Cann,NULL
D. J. Chark,NULL
Jamaal Charles,NULL
Barry Church,NULL
Keelan Cole,NULL
Logan Cooke,NULL
Marcell Dareus,NULL
Cody Davis,NULL
Dee Delaney,NULL
Nick DeLuca,NULL
Ereck Flowers,NULL
Kai Forbath,NULL
Leonard Fournette,NULL
Dante Fowler,NULL
Tashaun Gipson,NULL
Corey Grant,NULL
Rashad Greene,NULL
David Grinnage,NULL
Ronnie Harrison,NULL
D. J. Hayden,NULL
Tre Herndon,NULL
Myles Jack,NULL
Malik Jackson,NULL
Leon Jacobs,NULL
Lyndon Johnson,NULL
Abry Jones,NULL
Cody Kessler,NULL
Ben Koyack,NULL
Josh Lambo,NULL
Brandon Linder,NULL
Lerentee McCray,NULL
Quenton Meeks,NULL
Jaydon Mickens,NULL
Donte Moncrief,NULL
Yannick Ngakoue,NULL
Andrew Norwell,NULL
Patrick Omameh,NULL
James O'Shaughnessy,NULL
Matt Overton,NULL
Jeremy Parnell,NULL
Tyler Patmon,NULL
Niles Paul,NULL
Donald Payne,NULL
Jalen Ramsey,NULL
C. J. Reavis,NULL
Christopher Reed,NULL
Cam Robinson,NULL
Austin Seferian-Jenkins,NULL
Tyler Shatley,NULL
Telvin Smith,NULL
Dawuane Smoot,NULL
Martrell Spaight,NULL
Carson Tinker,NULL
Josh Walker,NULL
Josh Wells,NULL
Dede Westbrook,NULL
Brandon Wilds,NULL
David Williams,NULL
Jarrod Wilson,NULL
T. J. Yeldon,NULL
Jeff Allen,NULL
Allen Bailey,NULL
Eric Berry,NULL
Harrison Butker,NULL
Dustin Colquitt,NULL
Chris Conley,NULL
Jordan Devey,NULL
Gehrig Dieter,NULL
Laurent Duvernay-Tardif,NULL
Alex Ellis,NULL
Cameron Erving,NULL
Eric Fisher,NULL
Dee Ford,NULL
Kendall Fuller,NULL
Justin Hamilton,NULL
Demetrius Harris,NULL
Chad Henne,NULL
Tyreek Hill,NULL
Anthony Hitchens,NULL
Justin Houston,NULL
Kareem Hunt,NULL
Jarvis Jenkins,NULL
Travis Kelce,NULL
Marcus Kemp,NULL
Tanoh Kpassagnon,NULL
Jordan Lucas,NULL
Patrick Mahomes,NULL
Mitch Morse,NULL
Eric Murray,NULL
James Murray,NULL
Steven Nelson,NULL
Ben Niemann,NULL
Derrick Nnadi,NULL
Dorian O'Daniel,NULL
Ron Parker,NULL
Reggie Ragland,NULL
Austin Reiter,NULL
Demarcus Robinson,NULL
Orlando Scandrick,NULL
Mitchell Schwartz,NULL
Josh Shaw,NULL
Anthony Sherman,NULL
Terrance Smith,NULL
Tremon Smith,NULL
Daniel Sorensen,NULL
Breeland Speaks,NULL
De'Anthony Thomas,NULL
Charvarius Ward,NULL
Spencer Ware,NULL
Sammy Watkins,NULL
Armani Watts,NULL
Charcandrick West,NULL
Damien Williams,NULL
Darrel Williams,NULL
Xavier Williams,NULL
James Winchester,NULL
Andrew Wylie,NULL
Don Yelder,NULL
Frank Zombo,NULL
Walt Aikens,NULL
Chase Allen,NULL
Kiko Alonso,NULL
Danny Amendola,NULL
Stephone Anthony,NULL
Cornell Armstrong,NULL
Isaac Asiata,NULL
Jerome Baker,NULL
Kalen Ballage,NULL
Brandon Bolden,NULL
Andre Branch,NULL
Jake Brendel,NULL
Leonte Carroo,NULL
Jalen Davis,NULL
Jesse Davis,NULL
John Denney,NULL
A. J. Derby,NULL
Kenyan Drake,NULL
Minkah Fitzpatrick,NULL
Isaiah Ford,NULL
Mike Gesicki,NULL
Davon Godchaux,NULL
Frank Gore,NULL
Jakeem Grant,NULL
Matt Haack,NULL
Charles Harris,NULL
William Hayes,NULL
Ziggy Hood,NULL
Xavien Howard,NULL
Mike Hull,NULL
Ja'Wuan James,NULL
Wesley Johnson,NULL
Reshad Jones,NULL
Daniel Kilgore,NULL
Ted Larsen,NULL
Bobby McCain,NULL
T. J. McDonald,NULL
Tanner McEvoy,NULL
Raekwon McMillan,NULL
Torry McTyer,NULL
Nick O'Leary,NULL
Brock Osweiler,NULL
DeVante Parker,NULL
Senorise Perry,NULL
Jamiyus Pittman,NULL
Robert Quinn,NULL
Jason Sanders,NULL
Josh Sitton,NULL
Maurice Smith,NULL
Durham Smythe,NULL
Akeem Spence,NULL
Zach Sterup,NULL
Kenny Stills,NULL
Travis Swanson,NULL
Cordrea Tankersley,NULL
Ryan Tannehill,NULL
Vincent Taylor,NULL
Laremy Tunsil,NULL
Cameron Wake,NULL
Albert Wilson,NULL
Jonathan Woodard,NULL
Sam Young,NULL
Mackensie Alexander,NULL
Dan Bailey,NULL
Anthony Barr,NULL
Chad Beebe,NULL
Mike Boone,NULL
Tashawn Bower,NULL
Kentrell Brothers,NULL
Daniel Carlson,NULL
Stacy Coley,NULL
Tom Compton,NULL
Tyler Conklin,NULL
Dalvin Cook,NULL
Kirk Cousins,NULL
Stefon Diggs,NULL
Devante Downs,NULL
Pat Elflein,NULL
Ben Gedeon,NULL
Everson Griffen,NULL
C. J. Ham,NULL
Anthony Harris,NULL
Holton Hill,NULL
Rashod Hill,NULL
Jalyn Holmes,NULL
Mike Hughes,NULL
Danielle Hunter,NULL
George Iloka,NULL
Danny Isidora,NULL
Craig James,NULL
Jaleel Johnson,NULL
Tom Johnson,NULL
Brett Jones,NULL
Linval Joseph,NULL
Jayron Kearse,NULL
Eric Kendricks,NULL
Kevin McDermott,NULL
David Morgan,NULL
Latavius Murray,NULL
Storm Norton,NULL
Brian O'Neill,NULL
David Parry,NULL
Riley Reiff,NULL
Mike Remmers,NULL
Xavier Rhodes,NULL
Sheldon Richardson,NULL
Aldrick Robinson,NULL
Kyle Rudolph,NULL
Andrew Sendejo,NULL
Marcus Sherels,NULL
Harrison Smith,NULL
Adam Thielen,NULL
Roc Thomas,NULL
Laquon Treadwell,NULL
Trae Waynes,NULL
Stephen Weatherly,NULL
Matt Wile,NULL
Eric Wilson,NULL
Brandon Zylstra,NULL
Dwayne Allen,NULL
Ryan Allen,NULL
David Andrews,NULL
Ja'Whaun Bentley,NULL
Tom Brady,NULL
Malcom Brown,NULL
Trenton (Trent) Brown,NULL
Rex Burkhead,NULL
Adam Butler,NULL
Marcus Cannon,NULL
Joe Cardona,NULL
Patrick Chung,NULL
Adrian Clayborn,NULL
Keion Crossen,NULL
Cole Croston,NULL
Keionta Davis,NULL
James Develin,NULL
Phillip Dorsett,NULL
Nate Ebner,NULL
Julian Edelman,NULL
James Ferentz,NULL
Trey Flowers,NULL
Stephon Gilmore,NULL
Stephen Gostkowski,NULL
Geneo Grissom,NULL
Rob Gronkowski,NULL
Lawrence Guy,NULL
Duron Harmon,NULL
Dont'a Hightower,NULL
Jeremy Hill,NULL
Chris Hogan,NULL
Jacob Hollister,NULL
Brian Hoyer,NULL
J. C. Jackson,NULL
Jonathan Jones,NULL
Ufomba Kamalu,NULL
Ted Karras,NULL
Brandon King,NULL
Shaq Mason,NULL
Riley McCarron,NULL
Devin McCourty,NULL
Jason McCourty,NULL
Obi Melifonwu,NULL
Sony Michel,NULL
Cordarrelle Patterson,NULL
Derek Rivers,NULL
Elandon Roberts,NULL
Eric Rowe,NULL
Brian Schwenke,NULL
Danny Shelton,NULL
John Simon,NULL
Matthew Slater,NULL
Joe Thuney,NULL
Kyle Van Noy,NULL
LaAdrian Waddle,NULL
James White,NULL
Deatrich Wise,NULL
Alex Anzalone,NULL
Eli Apple,NULL
Terron Armstead,NULL
Dan Arnold,NULL
Chris Banjo,NULL
Vonn Bell,NULL
Vince Biegel,NULL
Drew Brees,NULL
Teddy Bridgewater,NULL
Jay Bromley,NULL
Jermon Bushrod,NULL
Austin Carr,NULL
Will Clapp,NULL
Kurt Coleman,NULL
Ken Crawley,NULL
Marcus Davenport,NULL
Demario Davis,NULL
Tyeler Davison,NULL
Mike Gillislee,NULL
Ted Ginn,NULL
J.T. Gray,NULL
Justin Hardee,NULL
Trey Hendrickson,NULL
Josh Hill,NULL
Taysom Hill,NULL
Mark Ingram,NULL
Cameron Jordan,NULL
Alvin Kamara,NULL
Keith Kirkwood,NULL
A. J. Klein,NULL
Marshon Lattimore,NULL
Josh LeRibeus,NULL
Tommylee Lewis,NULL
Zach Line,NULL
Mitchell Loewen,NULL
Cornelius Lucas,NULL
Wil Lutz,NULL
Cameron Meredith,NULL
Thomas Morstead,NULL
Derek Newton,NULL
Alex Okafor,NULL
Michael Ola,NULL
David Onyemata,NULL
Andrus Peat,NULL
Ryan Ramczyk,NULL
Sheldon Rankins,NULL
Craig Robertson,NULL
Josh Robinson,NULL
Patrick Robinson,NULL
Tre'Quan Smith,NULL
Taylor Stallworth,NULL
Brandon Tate,NULL
Manti Te'o,NULL
Michael Thomas,NULL
Cameron Tom,NULL
Max Unger,NULL
Larry Warford,NULL
Dwayne Washington,NULL
Ben Watson,NULL
Jonathan Williams,NULL
P. J. Williams,NULL
Zach Wood,NULL
Saquon Barkley,NULL
Connor Barwin,NULL
Odell Beckham,NULL
Jamon Brown,NULL
Lorenzo Carter,NULL
Sean Chandler,NULL
Kaelin Clay,NULL
Corey Coleman,NULL
Landon Collins,NULL
Jawill Davis,NULL
Tae Davis,NULL
Donte Deayon,NULL
Zak DeOssie,NULL
Garrett Dickerson,NULL
Riley Dixon,NULL
Mario Edwards,NULL
Ukeme Eligwe,NULL
Rhett Ellison,NULL
Evan Engram,NULL
Bennie Fowler,NULL
Wayne Gallman,NULL
B. J. Goodson,NULL
John Greco,NULL
Jon Halapio,NULL
Grant Haley,NULL
Antonio Hamilton,NULL
Quadree Henderson,NULL
Will Hernandez,NULL
B. J. Hill,NULL
Janoris Jenkins,NULL
John Jenkins,NULL
Michael Jordan,NULL
Kenny Ladler,NULL
Cody Latimer,NULL
Kyle Lauletta,NULL
Tony Lippett,NULL
Eli Manning,NULL
Kareem Martin,NULL
Josh Mauro,NULL
R. J. McIntosh,NULL
Brian Mihalik,NULL
Kam Moore,NULL
Alec Ogletree,NULL
Elijhaa Penny,NULL
Spencer Pulley,NULL
Curtis Riley,NULL
Aldrick Rosas,NULL
Alzono Russell,NULL
Russell Shepard,NULL
Sterling Shepard,NULL
Scott Simonson,NULL
Shane Smith,NULL
Nate Solder,NULL
Jonathan Stewart,NULL
Nate Stupar,NULL
Dalvin Tomlinson,NULL
Olivier Vernon,NULL
B. W. Webb,NULL
Chad Wheeler,NULL
Kerry Wynn,NULL
Jamal Adams,NULL
Henry Anderson,NULL
Robby Anderson,NULL
Jeremiah Attaochu,NULL
Kelvin Beachum,NULL
Ben Braden,NULL
Terrence Brooks,NULL
Deontay Burnett,NULL
Trent Cannon,NULL
James Carpenter,NULL
Morris Claiborne,NULL
Jeremy Clark,NULL
Brandon Copeland,NULL
Isaiah Crowell,NULL
Sam Darnold,NULL
Dakota Dozier,NULL
Lac Edwards,NULL
Quincy Enunwa,NULL
Foley Fatukasi,NULL
Jonotthan Harrison,NULL
De'Angelo Henderson,NULL
Thomas Hennessy,NULL
Chris Herndon,NULL
Neville Hewitt,NULL
Jordan Jenkins,NULL
Trumaine Johnson,NULL
Derrick Jones,NULL
J.J. Jones,NULL
Bronson Kaufusi,NULL
Jermaine Kearse,NULL
Emmanuel Lamur,NULL
Darron Lee,NULL
Jordan Leggett,NULL
Spencer Long,NULL
Frankie Luvu,NULL
Josh Martin,NULL
Rishard Matthews,NULL
Marcus Maye,NULL
Josh McCown,NULL
Elijah McGuire,NULL
Steve McLendon,NULL
Doug Middleton,NULL
Rontez Miles,NULL
Jason Myers,NULL
Parry Nickerson,NULL
Charone Peake,NULL
Mike Pennel,NULL
Kevin Pierre-Louis,NULL
Bilal Powell,NULL
Brent Qvale,NULL
Andre Roberts,NULL
Darryl Roberts,NULL
Rashard Robinson,NULL
Brandon Shell,NULL
Nathan Shepherd,NULL
Buster Skrine,NULL
Neal Sterling,NULL
Eric Tomlinson,NULL
Clive Walford,NULL
Leonard Williams,NULL
Avery Williamson,NULL
Anthony Wint,NULL
Brian Winters,NULL
Marcell Ateman,NULL
Saeed Blacknall,NULL
Martavis Bryant,NULL
Jason Cabinda,NULL
Shilique Calhoun,NULL
Derek Carr,NULL
Tank Carradine,NULL
Derek Carrier,NULL
T. J. Clemmings,NULL
Gareon Conley,NULL
Jared Cook,NULL
Andrew DePaola,NULL
Kony Ealy,NULL
Justin Ellis,NULL
Jon Feliciano,NULL
Rico Gafford,NULL
Marcus Gilchrist,NULL
Chaz Green,NULL
Leon Hall,NULL
P. J. Hall,NULL
Johnathan Hankins,NULL
Dwayne Harris,NULL
Erik Harris,NULL
Keon Hatcher,NULL
Johnny Holton,NULL
Rodney Hudson,NULL
Maurice Hurst,NULL
Gabe Jackson,NULL
Derrick Johnson,NULL
Karl Joseph,NULL
Arden Key,NULL
Denver Kirkland,NULL
Brandon LaFell,NULL
Dallin Leavitt,NULL
Marquel Lee,NULL
Marshawn Lynch,NULL
Doug Martin,NULL
A. J. McCarron,NULL
Clinton McDonald,NULL
Rashaan Melvin,NULL
Kolton Miller,NULL
Damontre Moore,NULL
Nicholas Morrow,NULL
Justin Murray,NULL
Jordy Nelson,NULL
Nick Nelson,NULL
Reggie Nelson,NULL
Mike Nugent,NULL
Kelechi Osemele,NULL
Brandon Parker,NULL
Donald Penn,NULL
Jalen Richard,NULL
Seth Roberts,NULL
Dominique Rodgers-Cromartie,NULL
Frostee Rucker,NULL
Trent Sieg,NULL
Ian Silberman,NULL
Keith Smith,NULL
Lee Smith,NULL
Johnny Townsend,NULL
Darren Waller,NULL
DeAndre Washington,NULL
Tahir Whitehead,NULL
Kyle Wilber,NULL
Daryl Worley,NULL
Gabe Wright,NULL
Josh Adams,NULL
Nelson Agholor,NULL
Kamar Aiken,NULL
Jay Ajayi,NULL
D. J. Alexander,NULL
Derek Barnett,NULL
DeVante Bausby,NULL
B. J. Bello,NULL
Nigel Bradham,NULL
Brandon Brooks,NULL
Corey Clement,NULL
Fletcher Cox,NULL
Ronald Darby,NULL
Rasul Douglas,NULL
Jake Elliott,NULL
Zach Ertz,NULL
Nick Foles,NULL
Nate Gerry,NULL
Shelton Gibson,NULL
Dallas Goedert,NULL
Brandon Graham,NULL
Corey Graham,NULL
Kamu Grugier-Hill,NULL
Daeshon Hall,NULL
Deiondre' Hall,NULL
Bruce Hector,NULL
Treyvon Hester,NULL
Jordan Hicks,NULL
Alshon Jeffery,NULL
Malcolm Jenkins,NULL
Timmy Jernigan,NULL
Lane Johnson,NULL
Cameron Johnston,NULL
Sidney Jones,NULL
Jason Kelce,NULL
Chris Long,NULL
Rick Lovato,NULL
Avonte Maddox,NULL
Jordan Matthews,NULL
Dexter McDougle,NULL
T. Y. McGill,NULL
Rodney McLeod,NULL
Jalen Mills,NULL
Haloti Ngata,NULL
Josh Perkins,NULL
Jason Peters,NULL
LaRoy Reynolds,NULL
Richard Rodgers,NULL
Boston Scott,NULL
Isaac Seumalo,NULL
Wendell Smallwood,NULL
Darren Sproles,NULL
Nate Sudfeld,NULL
Chandon Sullivan,NULL
Tre Sullivan,NULL
Josh Sweat,NULL
Destiny Vaeao,NULL
Halapoulivaati Vaitai,NULL
Mike Wallace,NULL
Chance Warmack,NULL
Carson Wentz,NULL
Markus Wheaton,NULL
Stefen Wisniewski,NULL
Ola Adeniyi,NULL
Brian Allen,NULL
Marcus Allen,NULL
Tyson Alualu,NULL
Nat Berhe,NULL
Jordan Berry,NULL
Jon Bostic,NULL
Chris Boswell,NULL
Antonio Brown,NULL
Morgan Burnett,NULL
Artie Burns,NULL
Kameron Canaday,NULL
Anthony Chickillo,NULL
James Conner,NULL
Jordan Dangerfield,NULL
Sean Davis,NULL
David DeCastro,NULL
Joshua Dobbs,NULL
Bud Dupree,NULL
Terrell Edmunds,NULL
Trey Edmunds,NULL
Matt Feiler,NULL
B. J. Finney,NULL
L. J. Fort,NULL
Ramon Foster,NULL
Marcus Gilbert,NULL
Xavier Grimble,NULL
Joe Haden,NULL
Javon Hargrave,NULL
Darrius Heyward-Bey,NULL
Cameron Heyward,NULL
Mike Hilton,NULL
Justin Hunter,NULL
Jesse James,NULL
Tyler Matakevich,NULL
Dan McCullers (McCullers-Sanders),NULL
Vance McDonald,NULL
Roosevelt Nix-Jones (Nix),NULL
Chukwuma (Chuks) Okorafor,NULL
Maurkice Pouncey,NULL
Stevan Ridley,NULL
Ben Roethlisberger,NULL
Eli Rogers,NULL
Jaylen Samuels,NULL
Coty Sensabaugh,NULL
JuJu Smith-Schuster,NULL
Cameron Sutton,NULL
Ryan Switzer,NULL
Matthew Thomas,NULL
Stephon Tuitt,NULL
Alejandro Villanueva,NULL
Leterrius (L. T.) Walton,NULL
James Washington,NULL
T. J. Watt,NULL
Vince Williams,NULL
Arik Armstead,NULL
C. J. Beathard,NULL
Ronald Blair,NULL
Kendrick Bourne,NULL
Matt Breida,NULL
DeForest Buckner,NULL
Garrett Celek,NULL
Adrian Colbert,NULL
Brock Coyle,NULL
Sheldon Day,NULL
Matt Dayes,NULL
Ryan Delaire,NULL
Steven Dunbar,NULL
Ross Dwelley,NULL
Antone Exum,NULL
Reuben Foster,NULL
Pierre Garcon,NULL
Joshua Garnett,NULL
Jimmy Garoppolo,NULL
Terence Garvin,NULL
Garry Gilliam,NULL
Marquise Goodwin,NULL
Robbie Gould,NULL
Marcell Harris,NULL
Colin Holba,NULL
Godwin Igwebuike,NULL
Richie James,NULL
D. J. Jones,NULL
Kyle Juszczyk,NULL
George Kittle,NULL
Elijah Lee,NULL
Greg Mabin,NULL
Erik Magnuson,NULL
Cassius Marsh,NULL
Max McCaffrey,NULL
Mike McGlinchey,NULL
Earl Mitchell,NULL
Tarvarius Moore,NULL
Alfred Morris,NULL
Emmanuel Moseley,NULL
Raheem Mostert,NULL
Nick Mullens,NULL
Kyle Nelson,NULL
Mark Nzeocha,NULL
James Onwualu,NULL
Mike Person,NULL
Dante Pettis,NULL
Bradley Pinion,NULL
Tyvis Powell,NULL
D. J. Reed,NULL
Weston Richburg,NULL
Richard Sherman,NULL
Malcolm Smith,NULL
Joe Staley,NULL
Jaquiski Tartt,NULL
Pita Taumoepenu,NULL
Jullian Taylor,NULL
Trent Taylor,NULL
Solomon Thomas,NULL
Laken Tomlinson,NULL
Jimmie Ward,NULL
Fred Warner,NULL
Dekoda Watson,NULL
Cole Wick,NULL
K'Waun Williams,NULL
Jeff Wilson,NULL
Ahkello Witherspoon,NULL
Maurice Alexander,NULL
Doug Baldwin,NULL
Justin Britt,NULL
Duane Brown,NULL
Jaron Brown,NULL
Austin Calitro,NULL
Chris Carson,NULL
Frank Clark,NULL
Justin Coleman,NULL
Mike Davis,NULL
Ed  Dickson,NULL
Michael Dickson,NULL
Will Dissly,NULL
Emmanuel Ellerbee,NULL
George Fant,NULL
Tre Flowers,NULL
D. J. Fluker,NULL
Poona Ford,NULL
Jermaine Grace,NULL
Rasheem Green,NULL
Shaquem Griffin,NULL
Shaquill Griffin,NULL
Delano Hill,NULL
Joey Hunt,NULL
Germain Ifedi,NULL
Branden Jackson,NULL
Sebastian Janikowski,NULL
Quinton Jefferson,NULL
Nazair Jones,NULL
Dion Jordan,NULL
Mychal Kendricks,NULL
Akeem King,NULL
Tyler Lockett,NULL
Shalom Luani,NULL
Tre Madden,NULL
Jake Martin,NULL
Bradley McDougald,NULL
J. D. McKissic,NULL
Barkevious Mingo,NULL
David Moore,NULL
Elijah Nkansah,NULL
Tyler Ott,NULL
Rashaad Penny,NULL
Ethan Pocic,NULL
C. J. Prosise,NULL
Jarran Reed,NULL
Keenan Reynolds,NULL
Jordan Simmons,NULL
Shamar Stephen,NULL
J. R. Sweezy,NULL
Tyrone Swoopes,NULL
Earl Thomas,NULL
Tedric Thompson,NULL
Neiko Thorpe,NULL
Malik Turner,NULL
Nick Vannett,NULL
Bobby Wagner,NULL
Russell Wilson,NULL
K. J. Wright,NULL
Andrew Adams,NULL
Kwon Alexander,NULL
Beau Allen,NULL
Bryan Anger,NULL
Antony Auclair,NULL
Peyton Barber,NULL
Caleb Benenoch,NULL
Devante Bond,NULL
Cameron Brate,NULL
Riley Bullough,NULL
Alex Cappa,NULL
Jack Cichy,NULL
Will Clarke,NULL
Chris Conte,NULL
Alan Cross,NULL
Vinny Curry,NULL
Lavonte David,NULL
Carlton Davis,NULL
Demar Dotson,NULL
Javien Elliott,NULL
Donnie Ernsberger,NULL
Justin Evans,NULL
Mike Evans,NULL
Ryan Fitzpatrick,NULL
William Gholston,NULL
Chris Godwin,NULL
Brent Grimes,NULL
Vernon Hargreaves,NULL
De'Vante Harris,NULL
Demone Harris,NULL
O. J. Howard,NULL
Adam Humphries,NULL
DeSean Jackson,NULL
Ryan Jensen,NULL
Isaiah Johnson,NULL
Ronald Jones,NULL
Jeremiah Ledbetter,NULL
Michael Liedtke,NULL
Cameron Lynch,NULL
Ali Marpet,NULL
Freddie Martino,NULL
Gerald McCoy,NULL
Kevin Minter,NULL
Carl Nassib,NULL
Rakeem Nunez-Roches,NULL
Dare Ogunbowale,NULL
Jason Pierre-Paul,NULL
David Rivers,NULL
Jacquizz Rodgers,NULL
Garrison Sanborn,NULL
Cairo Santos,NULL
Donovan Smith,NULL
Ryan Smith,NULL
Evan Smith (Dietrich-Smith),NULL
Noah Spence,NULL
M. J. Stewart,NULL
Adarius Taylor (Glanton),NULL
Vita Vea,NULL
Justin Watson,NULL
Leonard Wester,NULL
Jordan Whitehead,NULL
Bobo Wilson,NULL
Shaun Wilson,NULL
Jameis Winston,NULL
Jerel Worthy,NULL
Daren Bates,NULL
Cameron Batson,NULL
Beau Brinkley,NULL
Jayon Brown,NULL
Malcolm Butler,NULL
Kevin Byard,NULL
Jurrell Casey,NULL
Will Compton,NULL
Jack Conklin,NULL
Kamalei Correa,NULL
Dane Cruikshank,NULL
Corey Davis,NULL
Dalyn Dawkins,NULL
Matt Dickerson,NULL
Kenneth Durden,NULL
Rashaan Evans,NULL
Sharif Finch,NULL
Anthony Firkser,NULL
David Fluellen,NULL
Blaine Gabbert,NULL
Nigel Harris,NULL
Derrick Henry,NULL
Adoree' Jackson,NULL
Darius Jennings,NULL
Austin Johnson,NULL
Ben Jones,NULL
DaQuan Jones,NULL
Joshua Kalu,NULL
Dennis Kelly,NULL
Brett Kern,NULL
Darius Kilgo,NULL
Josh Kline,NULL
Harold Landry,NULL
Corey Levin,NULL
Taylor Lewan,NULL
Dion Lewis,NULL
Kendrick Lewis,NULL
Bennie Logan,NULL
Marcus Mariota,NULL
Tyler Marz,NULL
Derrick Morgan,NULL
Brian Orakpo,NULL
Kevin Pamphile,NULL
Austin Pasztor,NULL
MyCole Pruitt,NULL
Logan Ryan,NULL
Tajae Sharpe,NULL
LeShaun Sims,NULL
Jonnu Smith,NULL
Quinton Spain,NULL
Robert Spillane,NULL
Aaron Stinnie,NULL
Luke Stocker,NULL
Ryan Succop,NULL
Taywan Taylor,NULL
Brynden Trawick,NULL
Kenny Vaccaro,NULL
Delanie Walker,NULL
Aaron Wallace,NULL
Wesley Woodyard,NULL
Adonis Alexander,NULL
Jonathan Allen,NULL
Ryan Anderson,NULL
Troy Apke,NULL
Tony Bergstrom,NULL
Luke Bowanko,NULL
Caleb Brantley,NULL
Zach Brown,NULL
Alex Carter,NULL
Jehu Chesson,NULL
Geron Christian,NULL
Jonathan Cooper,NULL
Jamison Crowder,NULL
Vernon Davis,NULL
Josh Doctson,NULL
Quinton Dunbar,NULL
Casey Dunn,NULL
Andrew East,NULL
Deshazor Everett,NULL
Matt Flanagan,NULL
Michael Floyd,NULL
Mason Foster,NULL
Shaun Dion Hamilton,NULL
Maurice Harris,NULL
Josh Harvey-Clemons,NULL
Joshua Holsey,NULL
Dustin Hopkins,NULL
Austin Howard,NULL
Matthew Ioannidis,NULL
Danny Johnson,NULL
Josh Johnson,NULL
Rob Kelley,NULL
Zac Kerin,NULL
Ryan Kerrigan,NULL
Darvin Kidsy,NULL
Shawn Lauvao,NULL
Byron Marshall,NULL
Colt McCoy,NULL
Stacy McGee,NULL
Cassanova McKinzy,NULL
Pernell McPhee,NULL
Harlan Miller,NULL
Fabian Moreau,NULL
Morgan Moses,NULL
Montae Nicholson,NULL
Josh Norman,NULL
Ty Nsekhe,NULL
Timon Parris,NULL
Da'Ron Payne,NULL
Samaje Perine,NULL
Adrian Peterson,NULL
Brian Quick,NULL
Trey Quinn,NULL
Jeremy Reaves,NULL
Jordan Reed,NULL
Paul Richardson,NULL
Chase Roullier,NULL
Mark Sanchez,NULL
Brandon Scherff,NULL
Tim Settle,NULL
Cam Sims,NULL
Alex Smith,NULL
Marcus Smith,NULL
Preston Smith,NULL
Jeremy Sprinkle,NULL
Greg Stroman,NULL
Nick Sundberg,NULL
D. J. Swearinger,NULL
Chris Thompson,NULL
Zach Vigil,NULL
Tress Way,NULL
Trent Williams,NULL
