Oday Aboushi,0
David Amerson,1
Thurston Armbrister,2
Budda Baker,3
Joe Barksdale,4
Bene' Benwikere,5
Antoine Bethea,6
Tre Boston,7
Sam Bradford,8
Aaron Brewer,9
Deone Bucannon,10
Josh Bynes,11
Blaine Clausell,12
Mason Cole,13
Derrick Coleman,14
Pharoh Cooper,15
Korey Cunningham,16
Darrell Daniels,17
Phil Dawson,18
Vontarrius Dora,19
Malachi Dupre,20
Chase Edmonds,21
Larry Fitzgerald,22
Rudy Ford,23
Dennis Gardeck,24
Mike Glennon,25
Markus Golden,26
Zack Golditch,27
Zane Gonzalez,28
Colby Gossett,29
Jermaine Gresham,30
Rodney Gunter,31
Gerald Hodges,32
Will Holden,33
Gabe Holmes,34
D. J. Humphries,35
Mike Iupati,36
David Johnson,37
Leonard Johnson,38
Chandler Jones,39
Chris Jones,40
Christian Kirk,41
Andy Lee,42
T. J. Logan,43
Cameron Malveaux,44
Benson Mayowa,45
Matt McCrane,46
Zach Moore,47
Daniel Munyer,48
J. J. Nelson,49
Deatrick Nichols,50
Robert Nkemdiche,51
Ifeadi Odenigbo,52
Rees Odhiambo,53
Corey Peters,54
Patrick Peterson,55
John Phillips,56
Olsen Pierre,57
Eddie Pleasant,58
Justin Pugh,59
Haason Reddick,60
Josh Rosen,61
Ricky Seals-Jones,62
Trent Sherfield,63
Andre Smith,64
Garrison Smith,65
Jacquies Smith,66
Pasoni Tasini,67
Jamar Taylor,68
Jalen Tolliver,69
Ezekiel Turner,70
Vincent Valentine,71
Jeremy Vujnovich,72
Joe Walker,73
John Wetzel,74
Brandon Williams,75
Chad Williams,76
Robert Alford,77
Ricardo Allen,78
Zane Beadles,79
Vic Beasley,80
Michael Bennett,81
Justin Bethel,82
Matt Bosher,83
Matt Bryant,84
Deante Burton,85
De'Vondre Campbell,86
Bruce Carter,87
Tevin Coleman,88
Jon Condo,89
Jack Crawford,90
Devonta Freeman,91
Brandon Fusco,92
Russell Gage,93
Ben Garland,94
Marvin Hall,95
Justin Hardy,96
Josh Harris,97
Brian Hill,98
Austin Hooper,99
Bruce Irvin,100
Kemal Ishmael,101
Grady Jarrett,102
Richard Jarvis,103
Deion Jones,104
Julio Jones,105
Damontae Kazee,106
Jeremy Langford,107
Andy Levitre,108
Alex Mack,109
Jake Matthews,110
Terrell McClain,111
Takkarist McKinley,112
Steven Means,113
Keanu Neal,114
Ryan Neal,115
Sharrod Neasman,116
Corey Nelson,117
Isaiah Oliver,118
Foye Oluokun,119
Ricky Ortiz,120
Jeff Overbaugh,121
Logan Paulsen,122
Brian Poole,123
Brooks Reed,124
Jordan Richards,125
Calvin Ridley,126
Duke Riley,127
Matt Ryan,128
Ty Sambrailo,129
Mohamed Sanu,130
Eric Saubert,131
Matt Schaub,132
Ryan Schraeder,133
Was Schweitzer,134
Deadrin Senat,135
Derrick Shelby,136
Ito Smith,137
Keith Tandy,138
Giorgio Tavecchio,139
Desmond Trufant,140
Blidi Wreh-Wilson,141
Justin Zimmer,142
Javorius Allen,143
Mark Andrews,144
Anthony Averett,145
Chris Board,146
Tyus Bowser,147
Nick Boyle,148
Bradley Bozeman,149
John Brown,150
Orlando Brown,151
Maurice Canady,152
Brandon Carr,153
Chuck Clark,154
Alex Collins,155
Morgan Cox,156
Michael Crabtree,157
Robertson Daniel,158
Kenneth Dixon,159
Gus Edwards,160
Jermaine Eluemunor,161
Joe Flacco,162
Janarion Grant,163
Hroniss Grasu,164
Robert Griffin,165
Willie Henry,166
Marlon Humphrey,167
Hayden Hurst,168
James Hurst,169
Lamar Jackson,170
Tony Jefferson,171
Cyrus Jones,172
Matt Judon,173
Sam Koch,174
Anthony Levine,175
Alex Lewis,176
Albert McClellan,177
Ty Montgomery,178
Chris Moore,179
C. J. Mosley,180
Patrick Onwuasor,181
Michael Pierce,182
Patrick Ricard,183
Zach Sieler,184
Matt Skura,185
Jimmy Smith,186
Za'Darius Smith,187
Willie Snead,188
Ronnie Stanley,189
Terrell Suggs,190
Justin Tucker,191
De'Lance Turner,192
Brent Urban,193
Eric Weddle,194
Tim White,195
Darious Williams,196
Maxx Williams,197
Tim Williams,198
Chris Wormley,199
Marshal Yanda,200
Kenny Young,201
Tavon Young,202
Lorenzo Alexander,203
Josh Allen,204
Derek Anderson,205
Matt Barkley,206
Kelvin Benjamin,207
Russell Bodine,208
Ike Boettger,209
Corey Bojorquez,210
Victor Bolden,211
Rafael Bush,212
Charles Clay,213
Jason Croom,214
Matt Darr,215
Vontae Davis,216
Dion Dawkins,217
Patrick DiMarco,218
Vladimir Ducasse,219
Tremaine Edmunds,220
Reid Ferguson,221
Keith Ford,222
Robert Foster,223
Phillip Gaines,224
Ryan Groy,225
Steven Hauschka,226
Andre Holmes,227
Jerry Hughes,228
Ramon Humber,229
Micah Hyde,230
Chris Ivory,231
Dontae Johnson,232
Taron Johnson,233
Taiwan Jones,234
Zay Jones,235
Jeremy Kerley,236
Deon Lacey,237
Shaq Lawson,238
Khari Lee,239
Ryan Lewis,240
Star Lotulelei,241
Mike Love,242
Dean Marlowe,243
Ray-Ray McCloud,244
LeSean McCoy,245
Conor McDermott,246
Isaiah McKenzie,247
Matt Milano,248
John Miller,249
Jordan Mills,250
Marcus Murphy,251
Trent Murphy,252
Siran Neal,253
Marshall Newhouse,254
Nate Orchard,255
Nathan Peterman,256
Cam Phillips,257
Harrison Phillips,258
Jordan Phillips,259
Lafayette Pitts,260
Jordan Poyer,261
Terrelle Pryor,262
Denzel Rice,263
Colton Schmidt,264
Da'Mari Scott,265
Jeremiah Sirles,266
Julian Stanford,267
Wyatt Teller,268
Logan Thomas,269
Robert Thomas,270
Corey Thompson,271
Deonte Thompson,272
Levi Wallace,273
Adolphus Washington,274
Tre'Davious White,275
Kyle Williams,276
Eddie Yarbrough,277
Mike Adams,278
Mario Addison,279
Kyle Allen,280
C. J. Anderson,281
Alex Armah,282
Cameron Artis-Payne,283
Kenjon Barner,284
James Bradberry,285
Vernon Butler,286
Damiere Byrd,287
Travaris Cadet,288
Jermaine Carter,289
Chandler Catanzaro,290
Chris Clark,291
Bryan Cox,292
Thomas Davis,293
Lorenzo Doss,294
Corn Elder,295
Mose Frazier,296
Devin Funchess,297
Graham Gano,298
Rashaan Gaulden,299
Garrett Gilbert,300
Josh Hawkins,301
Marquis Haynes,302
Taylor Hearn,303
Taylor Heinicke,304
Wes Horton,305
Donte Jackson,306
Ben Jacobs,307
J. J. Jansen,308
Colin Jones,309
Ryan Kalil,310
Luke Kuechly,311
Tyler Larsen,312
Kyle Love,313
Brendan Mahon,314
Chris Manhertz,315
David Mayo,316
Christian McCaffrey,317
D. J. Moore,318
Taylor Moton,319
Captain Munnerlyn,320
Cam Newton,321
Jared Norris,322
Efe Obada,323
Greg Olsen,324
Michael Palardy,325
Julius Peppers,326
Dontari Poe,327
Eric Reid,328
Corey Robinson,329
Curtis Samuel,330
Da'Norris Searcy,331
Kawann Short,332
Amini Silatolu,333
Torrey Smith,334
Ian Thomas,335
Shaq Thompson (Green-Thompson),336
Trai Turner,337
Greg Van Roten,338
Daryl Williams,339
Jarius Wright,340
Sam  Acho,341
Adrian Amos,342
Prince Amukamara,343
Josh Bellamy,344
Ben Braunecker,345
Daniel Brown,346
Jonathan Bullard,347
Michael Burton,348
Trey Burton,349
Deon Bush,350
Bryce Callahan,351
Tarik Cohen,352
Marcus Cooper,353
Benny Cunningham,354
Chase Daniel,355
James Daniels,356
Kylie Fitts,357
Leonard Floyd,358
Kyle Fuller,359
Taylor Gabriel,360
Eddie Goldman,361
Akiem Hicks,362
DeAndre Houston-Carson,363
Jordan Howard,364
Isaiah Irving,365
Joel Iyiegbuniwe,366
Eddie Jackson,367
Eric Kush,368
Nick Kwiatkoski,369
Charles Leno,370
Kyle Long,371
Aaron Lynch,372
Khalil Mack,373
Bobby Massie,374
Sherrick McManis,375
Anthony Miller,376
Taquan Mizzell,377
Bilal Nichols,378
Pat O'Donnell,379
Cody Parkey,380
Roy Robertson-Harris,381
Allen Robinson,382
Patrick Scales,383
Adam Shaheen,384
Dion Sims,385
Roquan Smith,386
Bradley Sowell,387
Kevin Toliver,388
Danny Trevathan,389
Mitchell Trubisky,390
Kevin White,391
Cody Whitehair,392
Marcus Williams,393
Nick Williams,394
Javon Wims,395
Bryan Witzmann,396
Geno Atkins,397
Jessie Bates,398
Brandon Bell,399
Giovani Bernard,400
Andrew Billings,401
Clint Boling,402
Tyler Boyd,403
Preston Brown,404
Randy Bullock,405
Vontaze Burfict,406
Tra Carson,407
Cody Core,408
Andy Dalton,409
Darqueze Dennard,410
Jeff Driskel,411
Carlos Dunlap,412
Kasim Edebali,413
Tyler Eifert,414
Alex Erickson,415
Jordan Evans,416
Clayton Fejedelem,417
Jake Fisher,418
Jordan Franks,419
Ryan Glasgow,420
Cordy Glenn,421
A. J. Green,422
Clark Harris,423
Davontae Harris,424
Bobby Hart,425
Trey Hopkins,426
Sam Hubbard,427
Kevin Huber,428
William Jackson,429
Malik Jefferson,430
Michael Johnson,431
Dre Kirkpatrick,432
Tyler Kroft,433
Carl Lawson,434
Matt Lengel,435
Josh Malone,436
Tony McRae,437
Joe Mixon,438
Hardy Nickerson,439
Cedric Ogbuehi,440
Darius Phillips,441
Billy Price,442
Thomas Rawls,443
Alex Redmond,444
Vincent Rey,445
Christian Ringo,446
John Ross,447
KeiVarae Russell,448
Mason Schreck,449
Niles Scott,450
Auden Tate,451
Josh Tupou,452
C. J. Uzomah,453
Nick Vigil,454
Mark Walton,455
Christian Westerman,456
Shawn Williams,457
Jordan Willis,458
Brandon Wilson,459
Chris Worley,460
Ray-Ray Armstrong,461
Genard Avery,462
Joel Bitonio,463
Briean Boddy-Calhoun,464
James Burgess,465
Juston Burris,466
Antonio Callaway,467
T. J. Carrie,468
Orson Charles,469
Nick Chubb,470
Trevon Coley,471
Jamie Collins,472
Britton Colquitt,473
Austin Corbett,474
Carl Davis,475
Seth Devalve,476
Darren Fells,477
E. J. Gaines,478
Myles Garrett,479
Josh Gordon,480
Desmond Harrison,481
Rachard Higgins,482
Dontrell Hilliard,483
D'Juan Hines,484
Chris Hubbard,485
Charley Hughlett,486
Carlos Hyde,487
Duke Johnson,488
Greg Joseph,489
Kyle Kalis,490
Derrick Kindred,491
Christian Kirksey,492
Jarvis Landry,493
Devaroe Lawrence,494
Baker Mayfield,495
Jeremiah McKinnon,496
Terrance Mitchell,497
David Njoku,498
Emmanuel Ogbah,499
Larry Ogunjobi,500
Jabrill Peppers,501
Breshad Perriman,502
Brian Price,503
Damarious Randall,504
Damion Ratley,505
Greg Robinson,506
Joe Schobert,507
Chris Smith,508
Rod Streater,509
Tyrod Taylor,510
Chad Thomas,511
Tavierre Thomas,512
J. C. Tretter,513
Tanner Vallejo,514
Denzel Ward,515
Earl Watford,516
Jermaine Whitehead,517
Derrick Willies,518
Xavier Woodson-Luster,519
Kevin Zeitler,520
Anthony Zettel,521
Dorance Armstrong,522
Tavon Austin,523
Chidobe Awuzie,524
Cole Beasley,525
Anthony Brown,526
Noah Brown,527
Brice Butler,528
Ibraheim Campbell,529
Taco Charlton,530
La'el Collins,531
Maliek Collins,532
Amari Cooper,533
Chris Covington,534
Tyrone Crawford,535
Treston Decoud,536
Ezekiel Elliott,537
Cameron Fleming,538
Kavon Frazier,539
Michael Gallup,540
Rico Gathers,541
C. J. Goodwin,542
Randy Gregory,543
Jeff Heath,544
Allen Hurns,545
David Irving,546
Darius Jackson,547
Blake Jarwin,548
Byron Jones,549
Datone Jones,550
L. P. LaDouceur,551
Demarcus Lawrence,552
Sean Lee,553
Lance Lenoir,554
Jourdan Lewis,555
Joe Looney,556
Brett Maher,557
Justin March-Lillard,558
Zack Martin,559
Jamize Olawale,560
Dak Prescott,561
Adam Redmond,562
Caraun Reid,563
Daniel Ross,564
Cooper Rush,565
Dalton Schultz,566
Jaylon Smith,567
Rod Smith,568
Tyron Smith,569
Xavier Su'a-Filo,570
Geoff Swaim,571
Joe Thomas,572
Darian Thompson,573
Leighton Vander Esch,574
Connor Williams,575
Terrence Williams,576
Damien Wilson,577
Antwaun Woods,578
Xavier Woods,579
Shaquil Barrett,580
Keishawn Bierria,581
Garett Bolles,582
Devontae Booker,583
Tramaine Brock,584
Jake Butt,585
Bradley Chubb,586
River Cracraft,587
Su'a Cravens,588
Todd Davis,589
Royce Freeman,590
Max Garcia,591
Adam Gotsis,592
Gino Gradkowski,593
DaeSean Hamilton,594
Chris Harris,595
Shelby Harris,596
Temarrick Hemingway,597
Jeff Heuerman,598
Jeff Holland,599
Andy Janovich,600
Josey Jewell,601
A. J. Johnson,602
Adam Jones,603
Joe Jones,604
Sam Jones,605
Case Keenum,606
Chad Kelly,607
Zach Kerr,608
Marquette King,609
Cyrus Kouandjio,610
Casey Kreiter,611
Matt LaCosse,612
Brendan Langley,613
Ronald Leary,614
Phillip Lindsay,615
Brandon Marshall,616
Trey Marshall,617
Connor McGovern,618
Brandon McManus,619
Von Miller,620
Matt Paradis,621
Brian Parker,622
Will Parks,623
Tim Patrick,624
Domata Peko,625
Shane Ray,626
Bradley Roby,627
Emmanuel Sanders,628
Justin Simmons,629
Darian Stewart,630
Courtland Sutton,631
Demaryius Thomas,632
Dymonte Thomas,633
Shamarko Thomas,634
Billy Turner,635
Jared Veldheer,636
Colby Wadman,637
DeMarcus Walker,638
Elijah Wilkinson,639
Derek Wolfe,640
Isaac Yiadom,641
Ameer Abdullah,642
Jamal Agnew,643
Ezekiel Ansah,644
John Atkins,645
Trevor Bates,646
Nick Bellore,647
LeGarrette Blount,648
Don Carey,649
Matt Cassel,650
Tyrell Crosby,651
Jerome Cunningham,652
Joe Dahl,653
Jarrad Davis,654
Taylor Decker,655
Quandre Diggs,656
Andrew Donnal,657
Bruce Ellington,658
Marquis Flowers,659
Mike Ford,660
Graham Glasgow,661
Kenny Golladay,662
Nicholas Grigsby,663
Da'Shawn Hand,664
Eli Harold,665
Damon Harrison,666
Kerry Hyder,667
Ricky Jean Francois,668
Kerryon Johnson,669
Andy Jones,670
Christian Jones,671
Marvin Jones,672
T. J. Jones,673
Devon Kennard,674
Miles Killebrew,675
Chris Lacy,676
T. J. Lang,677
Nevin Lawson,678
Cre'von LeBlanc,679
Eric Lee,680
Bradley Marquez,681
Sam Martin,682
Don Muhlbach,683
Romeo Okwara,684
Lenzy Pipkins,685
Brandon Powell,686
Matt Prater,687
Glover Quin,688
Frank Ragnow,689
Jalen Reeves-Maybin,690
Theo Riddick,691
Michael Roberts,692
A'Shawn Robinson,693
DeShawn Shead,694
Kelvin Sheppard,695
Darius Slay,696
Matthew Stafford,697
Teez Tabor,698
Golden Tate,699
Levine Toilolo,700
Hakeem Valles,701
Dee Virgin,702
Ricky Wagner,703
Tracy Walker,704
Charles Washington,705
Kenny Wiggins,706
Sylvester Williams,707
Luke Willson,708
Tavon Wilson,709
Zach Zenner,710
Davante Adams,711
Montravius Adams,712
Jaire Alexander,713
Geronimo Allison,714
David Bakhtiari,715
Byron Bell,716
Kapri Bibbs,717
Hunter Bradley,718
Bashaud Breeland,719
Kentrell Brice,720
Fadol Brown,721
Tony Brown,722
Bryan Bulaga,723
Oren Burks,724
Kenny Clark,725
Ha Ha Clinton-Dix,726
Randall Cobb,727
Lavon Coleman,728
James Crawford,729
Mason Crosby,730
Mike Daniels,731
Trevor Davis,732
Kyler Fackrell,733
Reggie Gilbert,734
Jimmy Graham,735
Raven Greene,736
Davon House,737
Josh Jackson,738
Natrell Jamerson,739
Aaron Jones,740
Josh Jones,741
Lance Kendricks,742
Kevin King,743
DeShone Kizer,744
Jake Kumerow,745
Tyler Lancaster,746
Allen Lazard,747
Marcedes Lewis,748
Alex Light,749
Corey Linsley,750
James Looney,751
Dean Lowry,752
Blake Martinez,753
Clay Matthews,754
Justin McCray,755
J'Mon Moore,756
Antonio Morrison,757
Adam Pankey,758
Lucas Patrick,759
Nick Perry,760
Will Redmond,761
Aaron Rodgers,762
J. K.  Scott,763
Jason Spriggs,764
Equanimeous St. Brown,765
Lane Taylor,766
Robert Tonyan,767
Korey Toomer,768
Marquez Valdes-Scantling,769
Dan Vitale,770
Muhammad Wilkerson,771
Jamaal Williams,772
Tramon Williams,773
Tyrell Adams,774
Jordan Akins,775
Johnson Bademosi,776
Angelo Blackson,777
Alfred Blue,778
DeAndre Carter,779
Jadeveon Clowney,780
Sammie Coates,781
Dylan Cole,782
Aaron Colvin,783
Keke Coutee,784
Christian Covington,785
Zack Cunningham,786
Travor Daniel,787
Julie'n Davenport,788
Brandon Dunn,789
Duke Ejiofor,790
Tyler Ervin,791
Ka'imi Fairbairn,792
D'Onta Foreman,793
Will Fuller,794
Zach Fulton,795
Ryan Griffin,796
Andre Hal,797
Joel Heath,798
Seantrel Henderson,799
DeAndre Hopkins,800
Buddy Howell,801
Kareem Jackson,802
Kevin Johnson,803
Roderick Johnson,804
Johnathan Joseph,805
Peter Kalambayi,806
Senio Kelemete,807
Josh Keyes,808
Kendall Lamm,809
Greg Mancz,810
Nick Martin,811
Tyrann Mathieu,812
Benardrick McKinney,813
Whitney Mercilus,814
Lamar Miller,815
Steven Mitchell,816
A. J. Moore,817
Brian Peters,818
Martinas Rankin,819
D. J. Reader,820
Justin Reid,821
Brennan Scarlett,822
David Sharpe,823
Vyncint Smith,824
Jordan Thomas,825
Michael Tyson,826
Carlos Watkins,827
Deshaun Watson,828
J. J. Watt,829
Joe Webb,830
Kayvon Webster,831
Brandon Weeden,832
Jon Weeks,833
Shareece Wright,834
Matthew Adams,835
Mo Alie-Cox,836
Josh Andrews,837
Denico Autry,838
Tarell Basham,839
Evan Boehm,840
Jacoby Brissett,841
Anthony Castonzo,842
Le'Raven Clark,843
Pierre Desir,844
Jack Doyle,845
Eric Ebron,846
Matthias Farley,847
Daurice Fountain,848
Zaire Franklin,849
Clayton Geathers,850
Mark Glowinski,851
Denzelle Good,852
Najee Goode,853
Ryan Grant,854
Joe Haeg,855
Nate Hairston,856
Ryan Hewitt,857
T. Y. Hilton,858
Nyheim Hines,859
Malik Hooker,860
Margus Hunt,861
Dontrelle Inman,862
Marcus Johnson,863
Ryan Kelly,864
Darius Leonard,865
Tyquan Lewis,866
Andrew Luck,867
Marlon Mack,868
Arthur Maulet,869
Jeremy McNichols,870
Christine Michael,871
Chris Milton,872
Mike Mitchell,873
Corey Moore,874
Kenny Moore,875
Skai Moore,876
Al-Quadin Muhammad,877
Quenton Nelson,878
George Odum,879
Zach Pascal,880
Carroll Phillips,881
Luke Rhodes,882
Hassan Ridgeway,883
Chester Rogers,884
Rigoberto Sanchez,885
Jabaal Sheard,886
Matt Slauson,887
Braden Smith,888
Grover Stewart,889
Erik Swoope,890
Ahmad Thomas,891
Kemoko Turay,892
Robert Turbin,893
Adam Vinatieri,894
Anthony Walker,895
Jihad Ward,896
J'Marcus Webb,897
J. J. Wilcox,898
Jordan Wilkins,899
Quincy Wilson,900
Al Woods,901
Eli Ankou,902
Blake Bell,903
Tommy Bohanon,904
Breon Borders,905
Blake Bortles,906
A. J. Bouye,907
Blair Brown,908
Taven Bryan,909
Calais Campbell,910
A. J. Cann,911
D. J. Chark,912
Jamaal Charles,913
Barry Church,914
Keelan Cole,915
Logan Cooke,916
Marcell Dareus,917
Cody Davis,918
Dee Delaney,919
Nick DeLuca,920
Ereck Flowers,921
Kai Forbath,922
Leonard Fournette,923
Dante Fowler,924
Tashaun Gipson,925
Corey Grant,926
Rashad Greene,927
David Grinnage,928
Ronnie Harrison,929
D. J. Hayden,930
Tre Herndon,931
Myles Jack,932
Malik Jackson,933
Leon Jacobs,934
Lyndon Johnson,935
Abry Jones,936
Cody Kessler,937
Ben Koyack,938
Josh Lambo,939
Brandon Linder,940
Lerentee McCray,941
Quenton Meeks,942
Jaydon Mickens,943
Donte Moncrief,944
Yannick Ngakoue,945
Andrew Norwell,946
Patrick Omameh,947
James O'Shaughnessy,948
Matt Overton,949
Jeremy Parnell,950
Tyler Patmon,951
Niles Paul,952
Donald Payne,953
Jalen Ramsey,954
C. J. Reavis,955
Christopher Reed,956
Cam Robinson,957
Austin Seferian-Jenkins,958
Tyler Shatley,959
Telvin Smith,960
Dawuane Smoot,961
Martrell Spaight,962
Carson Tinker,963
Josh Walker,964
Josh Wells,965
Dede Westbrook,966
Brandon Wilds,967
David Williams,968
Jarrod Wilson,969
T. J. Yeldon,970
Jeff Allen,971
Allen Bailey,972
Eric Berry,973
Harrison Butker,974
Dustin Colquitt,975
Chris Conley,976
Jordan Devey,977
Gehrig Dieter,978
Laurent Duvernay-Tardif,979
Alex Ellis,980
Cameron Erving,981
Eric Fisher,982
Dee Ford,983
Kendall Fuller,984
Justin Hamilton,985
Demetrius Harris,986
Chad Henne,987
Tyreek Hill,988
Anthony Hitchens,989
Justin Houston,990
Kareem Hunt,991
Jarvis Jenkins,992
Travis Kelce,993
Marcus Kemp,994
Tanoh Kpassagnon,995
Jordan Lucas,996
Patrick Mahomes,997
Mitch Morse,998
Eric Murray,999
James Murray,1000
Steven Nelson,1001
Ben Niemann,1002
Derrick Nnadi,1003
Dorian O'Daniel,1004
Ron Parker,1005
Reggie Ragland,1006
Austin Reiter,1007
Demarcus Robinson,1008
Orlando Scandrick,1009
Mitchell Schwartz,1010
Josh Shaw,1011
Anthony Sherman,1012
Terrance Smith,1013
Tremon Smith,1014
Daniel Sorensen,1015
Breeland Speaks,1016
De'Anthony Thomas,1017
Charvarius Ward,1018
Spencer Ware,1019
Sammy Watkins,1020
Armani Watts,1021
Charcandrick West,1022
Damien Williams,1023
Darrel Williams,1024
Xavier Williams,1025
James Winchester,1026
Andrew Wylie,1027
Don Yelder,1028
Frank Zombo,1029
Walt Aikens,1030
Chase Allen,1031
Kiko Alonso,1032
Danny Amendola,1033
Stephone Anthony,1034
Cornell Armstrong,1035
Isaac Asiata,1036
Jerome Baker,1037
Kalen Ballage,1038
Brandon Bolden,1039
Andre Branch,1040
Jake Brendel,1041
Leonte Carroo,1042
Jalen Davis,1043
Jesse Davis,1044
John Denney,1045
A. J. Derby,1046
Kenyan Drake,1047
Minkah Fitzpatrick,1048
Isaiah Ford,1049
Mike Gesicki,1050
Davon Godchaux,1051
Frank Gore,1052
Jakeem Grant,1053
Matt Haack,1054
Charles Harris,1055
William Hayes,1056
Ziggy Hood,1057
Xavien Howard,1058
Mike Hull,1059
Ja'Wuan James,1060
Wesley Johnson,1061
Reshad Jones,1062
Daniel Kilgore,1063
Ted Larsen,1064
Bobby McCain,1065
T. J. McDonald,1066
Tanner McEvoy,1067
Raekwon McMillan,1068
Torry McTyer,1069
Nick O'Leary,1070
Brock Osweiler,1071
DeVante Parker,1072
Senorise Perry,1073
Jamiyus Pittman,1074
Robert Quinn,1075
Jason Sanders,1076
Josh Sitton,1077
Maurice Smith,1078
Durham Smythe,1079
Akeem Spence,1080
Zach Sterup,1081
Kenny Stills,1082
Travis Swanson,1083
Cordrea Tankersley,1084
Ryan Tannehill,1085
Vincent Taylor,1086
Laremy Tunsil,1087
Cameron Wake,1088
Albert Wilson,1089
Jonathan Woodard,1090
Sam Young,1091
Mackensie Alexander,1092
Dan Bailey,1093
Anthony Barr,1094
Chad Beebe,1095
Mike Boone,1096
Tashawn Bower,1097
Kentrell Brothers,1098
Daniel Carlson,1099
Stacy Coley,1100
Tom Compton,1101
Tyler Conklin,1102
Dalvin Cook,1103
Kirk Cousins,1104
Stefon Diggs,1105
Devante Downs,1106
Pat Elflein,1107
Ben Gedeon,1108
Everson Griffen,1109
C. J. Ham,1110
Anthony Harris,1111
Holton Hill,1112
Rashod Hill,1113
Jalyn Holmes,1114
Mike Hughes,1115
Danielle Hunter,1116
George Iloka,1117
Danny Isidora,1118
Craig James,1119
Jaleel Johnson,1120
Tom Johnson,1121
Brett Jones,1122
Linval Joseph,1123
Jayron Kearse,1124
Eric Kendricks,1125
Kevin McDermott,1126
David Morgan,1127
Latavius Murray,1128
Storm Norton,1129
Brian O'Neill,1130
David Parry,1131
Riley Reiff,1132
Mike Remmers,1133
Xavier Rhodes,1134
Sheldon Richardson,1135
Aldrick Robinson,1136
Kyle Rudolph,1137
Andrew Sendejo,1138
Marcus Sherels,1139
Harrison Smith,1140
Adam Thielen,1141
Roc Thomas,1142
Laquon Treadwell,1143
Trae Waynes,1144
Stephen Weatherly,1145
Matt Wile,1146
Eric Wilson,1147
Brandon Zylstra,1148
Dwayne Allen,1149
Ryan Allen,1150
David Andrews,1151
Ja'Whaun Bentley,1152
Tom Brady,1153
Malcom Brown,1154
Trenton (Trent) Brown,1155
Rex Burkhead,1156
Adam Butler,1157
Marcus Cannon,1158
Joe Cardona,1159
Patrick Chung,1160
Adrian Clayborn,1161
Keion Crossen,1162
Cole Croston,1163
Keionta Davis,1164
James Develin,1165
Phillip Dorsett,1166
Nate Ebner,1167
Julian Edelman,1168
James Ferentz,1169
Trey Flowers,1170
Stephon Gilmore,1171
Stephen Gostkowski,1172
Geneo Grissom,1173
Rob Gronkowski,1174
Lawrence Guy,1175
Duron Harmon,1176
Dont'a Hightower,1177
Jeremy Hill,1178
Chris Hogan,1179
Jacob Hollister,1180
Brian Hoyer,1181
J. C. Jackson,1182
Jonathan Jones,1183
Ufomba Kamalu,1184
Ted Karras,1185
Brandon King,1186
Shaq Mason,1187
Riley McCarron,1188
Devin McCourty,1189
Jason McCourty,1190
Obi Melifonwu,1191
Sony Michel,1192
Cordarrelle Patterson,1193
Derek Rivers,1194
Elandon Roberts,1195
Eric Rowe,1196
Brian Schwenke,1197
Danny Shelton,1198
John Simon,1199
Matthew Slater,1200
Joe Thuney,1201
Kyle Van Noy,1202
LaAdrian Waddle,1203
James White,1204
Deatrich Wise,1205
Alex Anzalone,1206
Eli Apple,1207
Terron Armstead,1208
Dan Arnold,1209
Chris Banjo,1210
Vonn Bell,1211
Vince Biegel,1212
Drew Brees,1213
Teddy Bridgewater,1214
Jay Bromley,1215
Jermon Bushrod,1216
Austin Carr,1217
Will Clapp,1218
Kurt Coleman,1219
Ken Crawley,1220
Marcus Davenport,1221
Demario Davis,1222
Tyeler Davison,1223
Mike Gillislee,1224
Ted Ginn,1225
J.T. Gray,1226
Justin Hardee,1227
Trey Hendrickson,1228
Josh Hill,1229
Taysom Hill,1230
Mark Ingram,1231
Cameron Jordan,1232
Alvin Kamara,1233
Keith Kirkwood,1234
A. J. Klein,1235
Marshon Lattimore,1236
Josh LeRibeus,1237
Tommylee Lewis,1238
Zach Line,1239
Mitchell Loewen,1240
Cornelius Lucas,1241
Wil Lutz,1242
Cameron Meredith,1243
Thomas Morstead,1244
Derek Newton,1245
Alex Okafor,1246
Michael Ola,1247
David Onyemata,1248
Andrus Peat,1249
Ryan Ramczyk,1250
Sheldon Rankins,1251
Craig Robertson,1252
Josh Robinson,1253
Patrick Robinson,1254
Tre'Quan Smith,1255
Taylor Stallworth,1256
Brandon Tate,1257
Manti Te'o,1258
Michael Thomas,1259
Cameron Tom,1260
Max Unger,1261
Larry Warford,1262
Dwayne Washington,1263
Ben Watson,1264
Jonathan Williams,1265
P. J. Williams,1266
Zach Wood,1267
Saquon Barkley,1268
Connor Barwin,1269
Odell Beckham,1270
Jamon Brown,1271
Lorenzo Carter,1272
Sean Chandler,1273
Kaelin Clay,1274
Corey Coleman,1275
Landon Collins,1276
Jawill Davis,1277
Tae Davis,1278
Donte Deayon,1279
Zak DeOssie,1280
Garrett Dickerson,1281
Riley Dixon,1282
Mario Edwards,1283
Ukeme Eligwe,1284
Rhett Ellison,1285
Evan Engram,1286
Bennie Fowler,1287
Wayne Gallman,1288
B. J. Goodson,1289
John Greco,1290
Jon Halapio,1291
Grant Haley,1292
Antonio Hamilton,1293
Quadree Henderson,1294
Will Hernandez,1295
B. J. Hill,1296
Janoris Jenkins,1297
John Jenkins,1298
Michael Jordan,1299
Kenny Ladler,1300
Cody Latimer,1301
Kyle Lauletta,1302
Tony Lippett,1303
Eli Manning,1304
Kareem Martin,1305
Josh Mauro,1306
R. J. McIntosh,1307
Brian Mihalik,1308
Kam Moore,1309
Alec Ogletree,1310
Elijhaa Penny,1311
Spencer Pulley,1312
Curtis Riley,1313
Aldrick Rosas,1314
Alzono Russell,1315
Russell Shepard,1316
Sterling Shepard,1317
Scott Simonson,1318
Shane Smith,1319
Nate Solder,1320
Jonathan Stewart,1321
Nate Stupar,1322
Dalvin Tomlinson,1323
Olivier Vernon,1324
B. W. Webb,1325
Chad Wheeler,1326
Kerry Wynn,1327
Jamal Adams,1328
Henry Anderson,1329
Robby Anderson,1330
Jeremiah Attaochu,1331
Kelvin Beachum,1332
Ben Braden,1333
Terrence Brooks,1334
Deontay Burnett,1335
Trent Cannon,1336
James Carpenter,1337
Morris Claiborne,1338
Jeremy Clark,1339
Brandon Copeland,1340
Isaiah Crowell,1341
Sam Darnold,1342
Dakota Dozier,1343
Lac Edwards,1344
Quincy Enunwa,1345
Foley Fatukasi,1346
Jonotthan Harrison,1347
De'Angelo Henderson,1348
Thomas Hennessy,1349
Chris Herndon,1350
Neville Hewitt,1351
Jordan Jenkins,1352
Trumaine Johnson,1353
Derrick Jones,1354
J.J. Jones,1355
Bronson Kaufusi,1356
Jermaine Kearse,1357
Emmanuel Lamur,1358
Darron Lee,1359
Jordan Leggett,1360
Spencer Long,1361
Frankie Luvu,1362
Josh Martin,1363
Rishard Matthews,1364
Marcus Maye,1365
Josh McCown,1366
Elijah McGuire,1367
Steve McLendon,1368
Doug Middleton,1369
Rontez Miles,1370
Jason Myers,1371
Parry Nickerson,1372
Charone Peake,1373
Mike Pennel,1374
Kevin Pierre-Louis,1375
Bilal Powell,1376
Brent Qvale,1377
Andre Roberts,1378
Darryl Roberts,1379
Rashard Robinson,1380
Brandon Shell,1381
Nathan Shepherd,1382
Buster Skrine,1383
Neal Sterling,1384
Eric Tomlinson,1385
Clive Walford,1386
Leonard Williams,1387
Avery Williamson,1388
Anthony Wint,1389
Brian Winters,1390
Marcell Ateman,1391
Saeed Blacknall,1392
Martavis Bryant,1393
Jason Cabinda,1394
Shilique Calhoun,1395
Derek Carr,1396
Tank Carradine,1397
Derek Carrier,1398
T. J. Clemmings,1399
Gareon Conley,1400
Jared Cook,1401
Andrew DePaola,1402
Kony Ealy,1403
Justin Ellis,1404
Jon Feliciano,1405
Rico Gafford,1406
Marcus Gilchrist,1407
Chaz Green,1408
Leon Hall,1409
P. J. Hall,1410
Johnathan Hankins,1411
Dwayne Harris,1412
Erik Harris,1413
Keon Hatcher,1414
Johnny Holton,1415
Rodney Hudson,1416
Maurice Hurst,1417
Gabe Jackson,1418
Derrick Johnson,1419
Karl Joseph,1420
Arden Key,1421
Denver Kirkland,1422
Brandon LaFell,1423
Dallin Leavitt,1424
Marquel Lee,1425
Marshawn Lynch,1426
Doug Martin,1427
A. J. McCarron,1428
Clinton McDonald,1429
Rashaan Melvin,1430
Kolton Miller,1431
Damontre Moore,1432
Nicholas Morrow,1433
Justin Murray,1434
Jordy Nelson,1435
Nick Nelson,1436
Reggie Nelson,1437
Mike Nugent,1438
Kelechi Osemele,1439
Brandon Parker,1440
Donald Penn,1441
Jalen Richard,1442
Seth Roberts,1443
Dominique Rodgers-Cromartie,1444
Frostee Rucker,1445
Trent Sieg,1446
Ian Silberman,1447
Keith Smith,1448
Lee Smith,1449
Johnny Townsend,1450
Darren Waller,1451
DeAndre Washington,1452
Tahir Whitehead,1453
Kyle Wilber,1454
Daryl Worley,1455
Gabe Wright,1456
Josh Adams,1457
Nelson Agholor,1458
Kamar Aiken,1459
Jay Ajayi,1460
D. J. Alexander,1461
Derek Barnett,1462
DeVante Bausby,1463
B. J. Bello,1464
Nigel Bradham,1465
Brandon Brooks,1466
Corey Clement,1467
Fletcher Cox,1468
Ronald Darby,1469
Rasul Douglas,1470
Jake Elliott,1471
Zach Ertz,1472
Nick Foles,1473
Nate Gerry,1474
Shelton Gibson,1475
Dallas Goedert,1476
Brandon Graham,1477
Corey Graham,1478
Kamu Grugier-Hill,1479
Daeshon Hall,1480
Deiondre' Hall,1481
Bruce Hector,1482
Treyvon Hester,1483
Jordan Hicks,1484
Alshon Jeffery,1485
Malcolm Jenkins,1486
Timmy Jernigan,1487
Lane Johnson,1488
Cameron Johnston,1489
Sidney Jones,1490
Jason Kelce,1491
Chris Long,1492
Rick Lovato,1493
Avonte Maddox,1494
Jordan Matthews,1495
Dexter McDougle,1496
T. Y. McGill,1497
Rodney McLeod,1498
Jalen Mills,1499
Haloti Ngata,1500
Josh Perkins,1501
Jason Peters,1502
LaRoy Reynolds,1503
Richard Rodgers,1504
Boston Scott,1505
Isaac Seumalo,1506
Wendell Smallwood,1507
Darren Sproles,1508
Nate Sudfeld,1509
Chandon Sullivan,1510
Tre Sullivan,1511
Josh Sweat,1512
Destiny Vaeao,1513
Halapoulivaati Vaitai,1514
Mike Wallace,1515
Chance Warmack,1516
Carson Wentz,1517
Markus Wheaton,1518
Stefen Wisniewski,1519
Ola Adeniyi,1520
Brian Allen,1521
Marcus Allen,1522
Tyson Alualu,1523
Nat Berhe,1524
Jordan Berry,1525
Jon Bostic,1526
Chris Boswell,1527
Antonio Brown,1528
Morgan Burnett,1529
Artie Burns,1530
Kameron Canaday,1531
Anthony Chickillo,1532
James Conner,1533
Jordan Dangerfield,1534
Sean Davis,1535
David DeCastro,1536
Joshua Dobbs,1537
Bud Dupree,1538
Terrell Edmunds,1539
Trey Edmunds,1540
Matt Feiler,1541
B. J. Finney,1542
L. J. Fort,1543
Ramon Foster,1544
Marcus Gilbert,1545
Xavier Grimble,1546
Joe Haden,1547
Javon Hargrave,1548
Darrius Heyward-Bey,1549
Cameron Heyward,1550
Mike Hilton,1551
Justin Hunter,1552
Jesse James,1553
Tyler Matakevich,1554
Dan McCullers (McCullers-Sanders),1555
Vance McDonald,1556
Roosevelt Nix-Jones (Nix),1557
Chukwuma (Chuks) Okorafor,1558
Maurkice Pouncey,1559
Stevan Ridley,1560
Ben Roethlisberger,1561
Eli Rogers,1562
Jaylen Samuels,1563
Coty Sensabaugh,1564
JuJu Smith-Schuster,1565
Cameron Sutton,1566
Ryan Switzer,1567
Matthew Thomas,1568
Stephon Tuitt,1569
Alejandro Villanueva,1570
Leterrius (L. T.) Walton,1571
James Washington,1572
T. J. Watt,1573
Vince Williams,1574
Arik Armstead,1575
C. J. Beathard,1576
Ronald Blair,1577
Kendrick Bourne,1578
Matt Breida,1579
DeForest Buckner,1580
Garrett Celek,1581
Adrian Colbert,1582
Brock Coyle,1583
Sheldon Day,1584
Matt Dayes,1585
Ryan Delaire,1586
Steven Dunbar,1587
Ross Dwelley,1588
Antone Exum,1589
Reuben Foster,1590
Pierre Garcon,1591
Joshua Garnett,1592
Jimmy Garoppolo,1593
Terence Garvin,1594
Garry Gilliam,1595
Marquise Goodwin,1596
Robbie Gould,1597
Marcell Harris,1598
Colin Holba,1599
Godwin Igwebuike,1600
Richie James,1601
D. J. Jones,1602
Kyle Juszczyk,1603
George Kittle,1604
Elijah Lee,1605
Greg Mabin,1606
Erik Magnuson,1607
Cassius Marsh,1608
Max McCaffrey,1609
Mike McGlinchey,1610
Earl Mitchell,1611
Tarvarius Moore,1612
Alfred Morris,1613
Emmanuel Moseley,1614
Raheem Mostert,1615
Nick Mullens,1616
Kyle Nelson,1617
Mark Nzeocha,1618
James Onwualu,1619
Mike Person,1620
Dante Pettis,1621
Bradley Pinion,1622
Tyvis Powell,1623
D. J. Reed,1624
Weston Richburg,1625
Richard Sherman,1626
Malcolm Smith,1627
Joe Staley,1628
Jaquiski Tartt,1629
Pita Taumoepenu,1630
Jullian Taylor,1631
Trent Taylor,1632
Solomon Thomas,1633
Laken Tomlinson,1634
Jimmie Ward,1635
Fred Warner,1636
Dekoda Watson,1637
Cole Wick,1638
K'Waun Williams,1639
Jeff Wilson,1640
Ahkello Witherspoon,1641
Maurice Alexander,1642
Doug Baldwin,1643
Justin Britt,1644
Duane Brown,1645
Jaron Brown,1646
Austin Calitro,1647
Chris Carson,1648
Frank Clark,1649
Justin Coleman,1650
Mike Davis,1651
Ed  Dickson,1652
Michael Dickson,1653
Will Dissly,1654
Emmanuel Ellerbee,1655
George Fant,1656
Tre Flowers,1657
D. J. Fluker,1658
Poona Ford,1659
Jermaine Grace,1660
Rasheem Green,1661
Shaquem Griffin,1662
Shaquill Griffin,1663
Delano Hill,1664
Joey Hunt,1665
Germain Ifedi,1666
Branden Jackson,1667
Sebastian Janikowski,1668
Quinton Jefferson,1669
Nazair Jones,1670
Dion Jordan,1671
Mychal Kendricks,1672
Akeem King,1673
Tyler Lockett,1674
Shalom Luani,1675
Tre Madden,1676
Jake Martin,1677
Bradley McDougald,1678
J. D. McKissic,1679
Barkevious Mingo,1680
David Moore,1681
Elijah Nkansah,1682
Tyler Ott,1683
Rashaad Penny,1684
Ethan Pocic,1685
C. J. Prosise,1686
Jarran Reed,1687
Keenan Reynolds,1688
Jordan Simmons,1689
Shamar Stephen,1690
J. R. Sweezy,1691
Tyrone Swoopes,1692
Earl Thomas,1693
Tedric Thompson,1694
Neiko Thorpe,1695
Malik Turner,1696
Nick Vannett,1697
Bobby Wagner,1698
Russell Wilson,1699
K. J. Wright,1700
Andrew Adams,1701
Kwon Alexander,1702
Beau Allen,1703
Bryan Anger,1704
Antony Auclair,1705
Peyton Barber,1706
Caleb Benenoch,1707
Devante Bond,1708
Cameron Brate,1709
Riley Bullough,1710
Alex Cappa,1711
Jack Cichy,1712
Will Clarke,1713
Chris Conte,1714
Alan Cross,1715
Vinny Curry,1716
Lavonte David,1717
Carlton Davis,1718
Demar Dotson,1719
Javien Elliott,1720
Donnie Ernsberger,1721
Justin Evans,1722
Mike Evans,1723
Ryan Fitzpatrick,1724
William Gholston,1725
Chris Godwin,1726
Brent Grimes,1727
Vernon Hargreaves,1728
De'Vante Harris,1729
Demone Harris,1730
O. J. Howard,1731
Adam Humphries,1732
DeSean Jackson,1733
Ryan Jensen,1734
Isaiah Johnson,1735
Ronald Jones,1736
Jeremiah Ledbetter,1737
Michael Liedtke,1738
Cameron Lynch,1739
Ali Marpet,1740
Freddie Martino,1741
Gerald McCoy,1742
Kevin Minter,1743
Carl Nassib,1744
Rakeem Nunez-Roches,1745
Dare Ogunbowale,1746
Jason Pierre-Paul,1747
David Rivers,1748
Jacquizz Rodgers,1749
Garrison Sanborn,1750
Cairo Santos,1751
Donovan Smith,1752
Ryan Smith,1753
Evan Smith (Dietrich-Smith),1754
Noah Spence,1755
M. J. Stewart,1756
Adarius Taylor (Glanton),1757
Vita Vea,1758
Justin Watson,1759
Leonard Wester,1760
Jordan Whitehead,1761
Bobo Wilson,1762
Shaun Wilson,1763
Jameis Winston,1764
Jerel Worthy,1765
Daren Bates,1766
Cameron Batson,1767
Beau Brinkley,1768
Jayon Brown,1769
Malcolm Butler,1770
Kevin Byard,1771
Jurrell Casey,1772
Will Compton,1773
Jack Conklin,1774
Kamalei Correa,1775
Dane Cruikshank,1776
Corey Davis,1777
Dalyn Dawkins,1778
Matt Dickerson,1779
Kenneth Durden,1780
Rashaan Evans,1781
Sharif Finch,1782
Anthony Firkser,1783
David Fluellen,1784
Blaine Gabbert,1785
Nigel Harris,1786
Derrick Henry,1787
Adoree' Jackson,1788
Darius Jennings,1789
Austin Johnson,1790
Ben Jones,1791
DaQuan Jones,1792
Joshua Kalu,1793
Dennis Kelly,1794
Brett Kern,1795
Darius Kilgo,1796
Josh Kline,1797
Harold Landry,1798
Corey Levin,1799
Taylor Lewan,1800
Dion Lewis,1801
Kendrick Lewis,1802
Bennie Logan,1803
Marcus Mariota,1804
Tyler Marz,1805
Derrick Morgan,1806
Brian Orakpo,1807
Kevin Pamphile,1808
Austin Pasztor,1809
MyCole Pruitt,1810
Logan Ryan,1811
Tajae Sharpe,1812
LeShaun Sims,1813
Jonnu Smith,1814
Quinton Spain,1815
Robert Spillane,1816
Aaron Stinnie,1817
Luke Stocker,1818
Ryan Succop,1819
Taywan Taylor,1820
Brynden Trawick,1821
Kenny Vaccaro,1822
Delanie Walker,1823
Aaron Wallace,1824
Wesley Woodyard,1825
Adonis Alexander,1826
Jonathan Allen,1827
Ryan Anderson,1828
Troy Apke,1829
Tony Bergstrom,1830
Luke Bowanko,1831
Caleb Brantley,1832
Zach Brown,1833
Alex Carter,1834
Jehu Chesson,1835
Geron Christian,1836
Jonathan Cooper,1837
Jamison Crowder,1838
Vernon Davis,1839
Josh Doctson,1840
Quinton Dunbar,1841
Casey Dunn,1842
Andrew East,1843
Deshazor Everett,1844
Matt Flanagan,1845
Michael Floyd,1846
Mason Foster,1847
Shaun Dion Hamilton,1848
Maurice Harris,1849
Josh Harvey-Clemons,1850
Joshua Holsey,1851
Dustin Hopkins,1852
Austin Howard,1853
Matthew Ioannidis,1854
Danny Johnson,1855
Josh Johnson,1856
Rob Kelley,1857
Zac Kerin,1858
Ryan Kerrigan,1859
Darvin Kidsy,1860
Shawn Lauvao,1861
Byron Marshall,1862
Colt McCoy,1863
Stacy McGee,1864
Cassanova McKinzy,1865
Pernell McPhee,1866
Harlan Miller,1867
Fabian Moreau,1868
Morgan Moses,1869
Montae Nicholson,1870
Josh Norman,1871
Ty Nsekhe,1872
Timon Parris,1873
Da'Ron Payne,1874
Samaje Perine,1875
Adrian Peterson,1876
Brian Quick,1877
Trey Quinn,1878
Jeremy Reaves,1879
Jordan Reed,1880
Paul Richardson,1881
Chase Roullier,1882
Mark Sanchez,1883
Brandon Scherff,1884
Tim Settle,1885
Cam Sims,1886
Alex Smith,1887
Marcus Smith,1888
Preston Smith,1889
Jeremy Sprinkle,1890
Greg Stroman,1891
Nick Sundberg,1892
D. J. Swearinger,1893
Chris Thompson,1894
Zach Vigil,1895
Tress Way,1896
Trent Williams,1897
