Kliff Kingsbury,0
Vance Joseph,1
Jeff Rodgers,2
Dan Quinn,3
Dirk Koetter,4
Dan Quinn,5
Ben Kotwica,6
John Harbaugh,7
Greg Roman,8
Don Martindale,9
Jerry Rosburg,10
Sean McDermott,11
Brian Daboll,12
Leslie Frazier,13
Heath Farwell,14
Ron Rivera,15
Norv Turner,16
Eric Washington,17
Chase Blackburn,18
Matt Nagy,19
Mark Helfrich,20
Chuck Pagano,21
Chris Tabor,22
Zac Taylor,23
Brian Callahan,24
Lou Anarumo,25
Darrin Simmons,26
Freddie Kitchens,27
Todd Monken,28
Steve Wilks,29
Mike Priefer,30
Jason Garrett,31
Kellen Moore,32
Rod Marinelli,33
Keith O'Quinn,34
Vic Fangio,35
Rich Scangarello,36
Ed Donatell,37
Matt Patricia,38
Darrell Bevell,39
Paul Pasqualoni,40
John Bonamego,41
Matt LaFleur,42
Nathaniel Hackettt,43
Mike Pettine,44
Bill O'Brien,45
Tim Kelly,46
Romeo Crennel,47
Brad Seely,48
Frank Reich,49
Nick Sirianni,50
Matt Eberflus,51
"Ray ""Bubba""Ventrone",52
Doug Marrone,53
John DeFilippo,54
Todd Wash,55
Joe DeCamillis,56
Andy Reid,57
Eric Bienemy,58
Steve Spagnuolo,59
Dave Toub,60
Anthony Lynn,61
Ken Whisenhunt,62
Gus Bradley,63
George Stewart,64
Sean McVay,65
"AaronKromer/Run Game, Shane Waldron/Pass Game",66
Wade Phillips,67
John Fassel,68
Brian Flores,69
Chad O'Shea,70
Danny Crossman,71
Mike Zimmer,72
Kevin Stefanski,73
George Edwards,74
Marwin Maaloof,75
Bill Belichick,76
Josh McDaniels,77
Open,78
Joe Judge,79
Sean Payton,80
Pete Carmichael,81
Dennis Allen,82
Dan Rizzi,83
Pat Shurmur,84
Mike Shula,85
James Bettcher,86
Thomas McGaughey,87
Adam Gase,88
Dowell Loggins,89
Gregg Williams,90
Brant Boyer,91
Jon Gruden,92
Greg Olson,93
Paul Guenther,94
Rich Bisaccia,95
Doug Pederson,96
Mike Groh,97
Jim Schwartz,98
Dave Fipp,99
Mike Tomlin,100
Randy Fichtner,101
Keith Butler,102
Danny Smith,103
Pete Carroll,104
Brian Schottenheimer,105
Ken Norton Jr,106
Brian Schneider,107
Kyle Shanahan,108
Kyle Shanahan,109
Robert Saleh,110
Richard Hightower,111
Bruce Arians,112
Byron Leftwich,113
Todd Bowles,114
Keith Armstrong,115
Mike Vrabel,116
Arthur Smith,117
Dean Pees,118
Craig Aukerman,119
Bill Callahan/Interim,120
Kevin O'Connell,121
Greg Manusky,122
Nate Kalzor,123
